{"timeline": [0.0, 0.0, 3.127, 6.254, 9.381, 12.508, 15.635, 18.762, 21.889, 25.016, 28.143, 31.269, 34.396, 37.523, 40.65, 43.777, 46.904, 50.031, 53.158, 56.285, 59.412, 62.539, 65.666, 68.792, 71.92, 75.046, 78.173, 81.3, 84.427, 87.554, 90.681, 93.808, 96.935, 100.062, 103.189, 106.316, 109.443, 112.57, 115.696, 118.823, 121.95, 125.077, 128.204, 131.331, 134.458, 137.585, 140.712, 143.839, 146.965, 150.092, 153.219, 156.346, 159.473, 162.6, 165.727, 168.854, 171.981, 175.108, 178.235, 181.361, 184.489, 187.615, 190.742, 193.869, 196.996, 200.123, 203.25, 206.377, 209.504, 212.631, 215.758, 218.885, 222.012, 225.138, 228.265, 231.392, 234.519, 237.646, 240.773, 243.9, 247.027, 250.154, 253.281, 256.408, 259.534, 262.661, 265.788, 268.915, 272.042, 275.169, 278.296, 281.423, 284.55, 287.677, 290.803, 293.931, 297.057, 300.184, 303.311, 306.438, 309.565], "Te": [1.2100000000000002, 7.761447620208642, 1.9487171000000012, 48.845162014813425, 8.063058392552833, 66.26407607736665, 41.144777789250995, 9.663754906194216, 8.785231732903831, 1.2100000000000002, 25.30533126234625, 25.06529142419564, 11.58222529719585, 156.24722518287513, 13.10999419149996, 2700.558562990961, 47.92289187947943, 2.0831650264095276, 12.61959522859796, 20.13119624437727, 24.59202101704727, 20.71511687950053, 6.353573993555228, 17.44940226888645, 6.727499949325611, 146.1629950970393, 4.339576527255807, 57.98669917417012, 8.95430243255239, 2.4967196396556863, 9.572087022475907, 14.284199788969298, 5.054470284992945, 8.95430243255239, 1.2100000000000002, 1.2100000000000002, 5.613162321877546, 21.520108771085113, 32.42149286353205, 75.00472751896066, 89.0421157772709, 254.0475480715126, 304.48163954141955, 274.17582302755505, 242.2248329757585, 271.5750619664947, 354.6413779598081, 409.14611664465195, 401.42082249464346, 458.72209143908094, 529.222967187668, 565.7356711336021, 560.3692486383948, 576.6231842513797, 640.3597902970785, 634.2855026765177, 652.683435371441, 684.5401620716585, 665.2442474731841, 646.492248835849, 658.9339123173781, 665.2442474731841, 634.2855026765177, 658.9339123173781, 652.683435371441, 622.3092382469623, 616.4061735022343, 565.7356711336021, 509.4265896712679, 514.3051555760018, 421.0137104721219, 9.572087022475907, 2.2914815290504804, 60.2400691612424, 17.119931305372337, 19.01226991911814, 2210.695670897408, 11.043218521090154, 4.508212984277619, 2700.558562990961, 2700.558562990961, 2700.558562990961, 27.571820566615205, 8.701897293159915, 2700.558562990961, 2700.558562990961, 43.98348129133734, 3.138428376721003, 7.191650655504061, 4.6389771255186325, 10.232494452360635, 10.330486782497706, 1.2100000000000002, 17.95553543313968, 14.148703558158955, 17.95553543313968, 27.051223118752, 8.701897293159915, 25.54766986187666, 2700.558562990961, 8.456606985422011], "Te_err": [NaN, 3.8047510433802856, 1.8989829738276436, 22.156154392804513, 2.7871731026346995, 24.57764104870961, 17.1235555406933, 4.362858417609521, 3.4690705343419985, 9.561249127362998, 14.219427204668674, 9.818968328971655, 4.980713390149722, 79.23618256520025, 9.957443642916218, 6763.087288081892, 15.331220965738659, 1.0144226201548545, 8.024039177799496, 12.692110984914923, 9.476622818250945, 9.344161080651503, 2.5762094697488496, 6.60480726286906, 2.8172578663438954, 78.14409398743075, 3.9544073864749607, 68.44329895419887, 3.030663939175821, 1.572381951714859, 5.769043418534539, 6.138729246845144, 14.656452919734862, 3.327274208880229, 3.488118644265551, 8.359052745081119, 0.4489382677926236, 1.7733749476994358, 1.4869925810652538, 3.2245644206503417, 2.4897351895009874, 7.6690994826340235, 11.843218793787493, 11.628149436865844, 8.458968627657399, 10.05495520507781, 12.323347916597893, 11.800303495924666, 12.435897895098847, 10.924614652951188, 13.369604228767129, 15.451205933707945, 13.94474352741131, 18.227050578832042, 16.374511119153006, 14.873542067823877, 19.282374091347563, 18.152411926784843, 18.788417515407446, 18.43910698342889, 18.981670684939505, 14.436131766656075, 13.688754280591327, 14.651609805408963, 14.167325023499085, 14.14049210024853, 12.945992761463966, 13.92855324150515, 13.135068969021939, 14.654689133960257, 14.005723640889142, 7.299585395101029, 1.8714374276338899, 34.91508618179331, 7.898645644624369, 16.46163131626955, 5454.790691000224, 5.48225563238941, 3.3344111569853956, 285.5709997765208, 19451.87212098807, 4742.152222601262, 9.501465264291063, 4.322731067376379, 1190.201653495532, 1037.4342906712384, 20.534095192872954, 2.4025457783710014, 2.675832819984409, 1.5787767994266546, 5.03195489266593, 4.761485661140884, 11.220297557193451, 7.466852208945814, 6.367655043053614, 12.775126581908532, 9.514092053975181, 4.878953223898269, 12.003611450992816, 1387.9218645631113, 4.687828476627944]}