{"timeline": [0.0, 0.0, 3.127, 6.254, 9.381, 12.508, 15.635, 18.762, 21.888, 25.015, 28.142, 31.269, 34.396, 37.523, 40.65, 43.777, 46.904, 50.031, 53.158, 56.284, 59.411, 62.538, 65.665, 68.792, 71.919, 75.046, 78.173, 81.3, 84.427, 87.554, 90.681, 93.807, 96.935, 100.061, 103.188, 106.315, 109.442, 112.569, 115.696, 118.823, 121.95, 125.077, 128.204, 131.33, 134.458, 137.584, 140.711, 143.838, 146.965, 150.092, 153.219, 156.346, 159.473, 162.6, 165.727, 168.854, 171.98, 175.107, 178.234, 181.361, 184.488, 187.615, 190.742, 193.869, 196.996, 200.123, 203.249, 206.376, 209.503, 212.63, 215.757, 218.884, 222.011, 225.138, 228.265, 231.392, 234.519, 237.646, 240.772, 243.9, 247.026, 250.153, 253.28, 256.407, 259.534, 262.661, 265.788, 268.915, 272.042, 275.168, 278.296, 281.422, 284.549, 287.676, 290.803, 293.93, 297.057, 300.184, 303.311, 306.438, 309.565], "Te": [1.2100000000000002, 10.330486782497706, 1.2100000000000002, 5.1028748380704965, 3.945069570232552, 53.2200123625182, 2.4263417544526744, 2700.558562990961, 7.5426668404413295, 19.37815870553381, 6.475847740340532, 14.148703558158955, 16.479534640471332, 18.47634937419028, 2.357947691000002, 22.356382742770244, 8.95430243255239, 30.041309535781252, 441.56290474410787, 4.6389771255186325, 36.00517797105892, 11.805123792536607, 165.44282014599986, 25.54766986187666, 5.943512938433107, 6.23360895904242, 9.302267683964214, 379.10916647857925, 20.518618629725587, 8.537592382229507, 6.000431482073512, 19.37815870553381, 5.403193580393733, 47.018035591647255, 5.7759763577774805, 27.310281396164772, 6.293305631237435, 31.80932630746837, 97.01723378487254, 163.87347227383358, 181.98710216059987, 251.63771862927234, 364.92802044967584, 386.4050755642387, 441.56290474410787, 445.79156845259257, 529.222967187668, 582.1452639064349, 691.0957175978411, 652.683435371441, 678.0467908524578, 691.0957175978411, 731.7686722205026, 717.9517789085851, 622.3092382469623, 646.492248835849, 671.6150140759587, 697.7140529441696, 652.683435371441, 711.1414737194339, 652.683435371441, 658.9339123173781, 671.6150140759587, 760.2052893576252, 774.835346259465, 774.835346259465, 820.4366169314741, 704.3957693267863, 671.6150140759587, 628.2688341798555, 165.44282014599986, 4.594972986357222, 15.415941870567679, 138.03900579171045, 2700.558562990961, 9.481288676632575, 202.10290837964337, 26.288699427659807, 2700.558562990961, 2700.558562990961, 19.75108897645365, 1224.3182205633495, 5.250887597979527, 16.79668124926389, 973.9841027254892, 7.123432514374586, 2700.558562990961, 2700.558562990961, 8.296933524485462, 7.4711190504190155, 2700.558562990961, 1553.7316970703596, 2700.558562990961, 2700.558562990961, 9.663754906194216, 2700.558562990961, 10.135431652164206, 2700.558562990961, 6.174478554065301, 8.61935334239325, 14.01449260960698], "Te_err": [NaN, 4.372669818035669, 7.2074283116717135, 2.4221345312887075, 1.7057939592886882, 36.490068074583924, 2.2192252373170165, 9461.814913278853, 2.3977672275572157, 5.942362983108598, 3.2213279891980386, 5.330727177344076, 7.258845423734702, 6.178008286232961, 1.9252330552431118, 10.000890282825825, 6.095162937729408, 12.967760636997289, 169.58933627141394, 1.8969326279446161, 24.161036703435936, 5.454802842151505, 164.68338218411787, 13.268077916304776, 2.2915410997389407, 3.5802061617114953, 3.6352315882516804, 132.0646703109835, 11.17644278554604, 3.677397452014266, 2.4938370349498045, 9.562175823820569, 2.5369086998387473, 27.944323993113223, 2.27355974251823, 44.42342165110183, 0.6059407823448382, 2.4557258436152356, 6.164873302086561, 8.270852860058325, 6.635960638402663, 6.549610015809012, 9.982925394817475, 12.48176385908615, 14.112862989595525, 15.607468522563718, 14.726096399248675, 16.973389587543952, 20.655838489501566, 18.483659227477716, 21.000728322516217, 20.287949712490736, 19.371685563332665, 19.559095615323912, 16.53550216710021, 18.124342437539447, 20.11303059564841, 21.484424523848652, 18.537716079825355, 19.00562998145807, 17.68199869495047, 18.2582896878104, 19.89615048594217, 24.62254853558316, 27.621209997628576, 25.1489378525021, 27.089998862328855, 24.50370230185616, 19.572877406597986, 19.020882052039454, 11.18430315273503, 3.3213601252054414, 5.61377235822329, 306.00119810550456, 1589.4727518844468, 4.9203103013086595, 117.5532816679078, 7.145176386632674, 650.8994405908471, 5667.543380894123, 10.992682754614414, 37.841674525491165, 2.930498377496446, 4.262758027949418, 26.059161569005152, 3.061695053354775, 4099.940477334319, 2625.752032465836, 3.313068967377948, 4.352061152305123, 457.8942100737386, 1084.1047573706303, 2479.3284098677395, 823.0840494194891, 5.561288134867541, 4368.885985162641, 7.885692354737833, 2878.4801344799216, 4.093550721056823, 3.57036196981349, 6.301565238281506]}