{"timeline": [0.0, 0.0, 3.127, 6.254, 9.381, 12.507, 15.634, 18.761, 21.888, 25.015, 28.142, 31.269, 34.396, 37.523, 40.65, 43.777, 46.904, 50.031, 53.157, 56.284, 59.411, 62.538, 65.665, 68.792, 71.919, 75.046, 78.173, 81.3, 84.426, 87.554, 90.68, 93.807, 96.934, 100.061, 103.188, 106.315, 109.442, 112.569, 115.696, 118.823, 121.95, 125.076, 128.204, 131.33, 134.457, 137.584, 140.711, 143.838, 146.965, 150.092, 153.219, 156.346, 159.473, 162.599, 165.726, 168.853, 171.98, 175.107, 178.234, 181.361, 184.488, 187.615, 190.742, 193.869, 196.995, 200.122, 203.249, 206.376, 209.503, 212.63, 215.757, 218.884, 222.011, 225.138, 228.265, 231.392, 234.519, 237.645, 240.772, 243.899, 247.026, 250.153, 253.28, 256.407, 259.534, 262.661, 265.788, 268.915, 272.041, 275.168, 278.295, 281.422, 284.549, 287.676, 290.803, 293.93, 297.057, 300.184, 303.311, 306.437, 309.564], "Te": [1.2100000000000002, 24.127686667114087, 5.887134309400483, 9.663754906194216, 5.666917235493108, 1.2100000000000002, 12.61959522859796, 16.1683762367281, 11.148974817380628, 10.330486782497706, 4.728253667345931, 40.36790249158133, 36.00517797105892, 69.4983493057622, 2700.558562990961, 1.2100000000000002, 135.43262171391203, 12.740447826915435, 37.049535501201156, 25.792329237065506, 12.61959522859796, 9.84973267580763, 75.72301650070385, 7.761447620208642, 8.063058392552833, 7.0558614729169475, 24.127686667114087, 14.98139512770121, 24.59202101704727, 5.1028748380704965, 25.30533126234625, 15.415941870567679, 9.12662687693401, 80.17953205361366, 20.913496911029956, 25.792329237065506, 14.98139512770121, 81.72257724512826, 153.2970425328253, 207.96505671840686, 310.3413510883105, 371.9510151315017, 539.4077978276371, 485.719195218519, 393.8413935191445, 490.37072529785183, 622.3092382469623, 640.3597902970785, 684.5401620716585, 752.9941782788245, 844.2340040624453, 902.4802786246215, 877.0410372944306, 983.3115421086113, 860.4811832005151, 928.6574044686898, 1041.1822316726234, 1011.8332401349994, 1021.523144915559, 937.5507689739528, 1051.1531995000598, 1092.001137135792, 1031.3058458713483, 1092.001137135792, 1102.4587764180274, 1011.8332401349994, 992.7283064870837, 844.2340040624453, 946.5293015205667, 919.8484001227267, 885.4400933868083, 877.0410372944306, 893.9195837351011, 782.2556210913774, 738.7765154835546, 2700.558562990961, 36.00517797105892, 2700.558562990961, 2700.558562990961, 28.643264774314293, 21.72619787409901, 14.284199788969298, 4.42309114154807, 1.5209950991358059, 49.78518112499371, 4.9119941639943026, 2700.558562990961, 5.613162321877546, 2700.558562990961, 2700.558562990961, 4.8192483251942795, 2700.558562990961, 2.0244444769497583, 11.2557438975967, 5.301173157713708, 2700.558562990961, 7.5426668404413295, 9.39135162045246, 6.475847740340532, 6.922636194361179, 2700.558562990961], "Te_err": [NaN, 9.872537902246483, 2.44297813882891, 5.562858029578656, 2.6008611382679474, 13.900328312019806, 33.24004882183059, 10.35313999264523, 4.417126716664032, 4.4164099174096, 2.677492100943841, 21.57681470757638, 41.47410704311433, 33.55630485337294, 25408.129416392418, 6.187141074001425, 167.63273156408945, 8.78325702628185, 12.58105377328696, 10.790474739933169, 7.435231376416761, 5.003205508782966, 23.983971467436046, 3.489414205742386, 4.573933529029004, 3.59737782897143, 13.064915697053475, 6.943489207222734, 22.51829668808048, 2.5245132632567606, 13.133486737218082, 75.08928482574888, 3.4304149941362514, 31.668700723451106, 15.34786008122725, 21.380780538051074, 1.3207757160358558, 15.469542933255221, 24.82013750823863, 22.027601998572646, 19.501137238450408, 13.72635121844394, 22.650910493868384, 17.395513148886746, 12.892160017751294, 17.306367706773887, 26.40058663315864, 21.15847960546862, 22.02532224847404, 24.845441998956467, 33.17898027314343, 35.03788462637946, 37.39474555785604, 42.96734343869454, 34.44731731717139, 43.648168783233764, 46.403967226033046, 46.45875284550673, 46.00004400078244, 38.809352445418455, 53.799074786674204, 51.93972820152195, 45.85337923389305, 50.11509702017236, 49.85517913348298, 45.67323373655626, 46.6634184886823, 33.81828804533505, 46.41701937888803, 42.4333388677695, 40.279416144750115, 42.95110008593929, 46.8293899951441, 38.596888551309, 32.10692598073919, 4649.44093880488, 18.881289858985685, 5487.996232404145, 1012.8036135298394, 8.27261791735849, 8.915767548241734, 6.532113897217751, 1.6077984904700453, 1.1979887593925096, 33.977598065052874, 2.3392124201899174, 5942.584268655358, 3.0245194782291005, 5315.6461681057, 796.2201161859999, 2.2711326939699252, 1954.023348619977, 2.6919530388119624, 6.978900295686035, 2.1877510133044065, 1651.5759709302924, 3.054747275630364, 3.9535268157912786, 3.626534546578819, 3.61844466046301, 2531.425340233819]}