{"timeline": [0.0, 0.0, 3.127, 6.254, 9.381, 12.508, 15.635, 18.762, 21.889, 25.016, 28.142, 31.269, 34.396, 37.523, 40.65, 43.777, 46.904, 50.031, 53.158, 56.285, 59.412, 62.539, 65.666, 68.792, 71.92, 75.046, 78.173, 81.3, 84.427, 87.554, 90.681, 93.808, 96.935, 100.062, 103.189, 106.316, 109.442, 112.569, 115.696, 118.823, 121.95, 125.077, 128.204, 131.331, 134.458, 137.585, 140.712, 143.838, 146.965, 150.092, 153.219, 156.346, 159.473, 162.6, 165.727, 168.854, 171.981, 175.108, 178.235, 181.361, 184.489, 187.615, 190.742, 193.869, 196.996, 200.123, 203.25, 206.377, 209.504, 212.631, 215.758, 218.884, 222.011, 225.138, 228.265, 231.392, 234.519, 237.646, 240.773, 243.9, 247.027, 250.154, 253.281, 256.407, 259.534, 262.661, 265.788, 268.915, 272.042, 275.169, 278.296, 281.423, 284.55, 287.677, 290.803, 293.931, 297.057, 300.184, 303.311, 306.438, 309.565], "Te": [1.2100000000000002, 7.761447620208642, 9.04005405100701, 7.330053084138939, 27.051223118752, 490.37072529785183, 6.4144195208335875, 10.938465401718485, 12.985636171790269, 6.922636194361179, 9.481288676632575, 4.381134841085708, 6.537864232276418, 11.148974817380628, 10.731930720487824, 17.119931305372337, 6.23360895904242, 7.835775765812045, 13.74987790750445, 5.250887597979527, 19.563735246441006, 6.66368462194449, 6.115909044841464, 28.91756937042579, 16.79668124926389, 6.174478554065301, 31.20871837684927, 33.04544048935938, 22.570480492698156, 11.043218521090154, 12.985636171790269, 19.940236914970317, 6.23360895904242, 18.301087494888428, 21.93426060646735, 36.698093174164846, 5.454937710975919, 18.653289663386897, 24.127686667114087, 63.18031755069291, 157.74353966849787, 239.9271507561198, 290.31185241490505, 310.3413510883105, 328.6058249794586, 338.13728648318335, 371.9510151315017, 425.04558312066257, 519.2304414709548, 582.1452639064349, 565.7356711336021, 576.6231842513797, 593.3485776104009, 610.5591037054169, 634.2855026765177, 646.492248835849, 628.2688341798555, 628.2688341798555, 610.5591037054169, 622.3092382469623, 610.5591037054169, 610.5591037054169, 485.719195218519, 610.5591037054169, 519.2304414709548, 397.61304822514495, 445.79156845259257, 2700.558562990961, 19.75108897645365, 1156.268519450066, 5.403193580393733, 10.630130396813637, 2700.558562990961, 6.353573993555228, 140.69554940917536, 15.269710226603536, 2148.380269650888, 3.552406962694162, 2700.558562990961, 11.805123792536607, 15.712619767866228, 12.740447826915435, 33.36190288560441, 5.83129047348508, 2700.558562990961, 4.8192483251942795, 96.09695335644786, 2700.558562990961, 691.0957175978411, 2700.558562990961, 27.310281396164772, 2700.558562990961, 50.26195303309954, 2.380528772246433, 9.75630065498893, 2700.558562990961, 6.115909044841464, 27.571820566615205, 7.6878245322018275, 2700.558562990961, 6.000431482073512], "Te_err": [NaN, 3.5868737249876013, 3.251662931199285, 3.1772128803270507, 8.704627370180251, 194.68451047986738, 2.6933815420504503, 4.668641915604051, 6.22669098115338, 3.3330241322126453, 4.85533949851758, 2.025495985034277, 3.072407249617599, 6.035358415395479, 4.694660493028814, 11.65734329662619, 2.177809131108628, 4.592447273046167, 4.438000162554669, 2.306254466566161, 12.550049892712783, 3.5219754996104986, 2.7225259890732807, 10.701971543790163, 7.331583389962303, 2.107342476350938, 14.546700574741909, 10.367234201654762, 10.963185203869191, 3.8860032743092483, 10.067091621054878, 8.401928572472372, 2.5130516743216105, 4.947858622463907, 9.326761858946487, 47.13625528686439, 0.45233885210295716, 1.443433896649041, 1.1733853293961867, 2.4392305517999495, 5.446437917428042, 6.883477742346348, 7.525317127044804, 8.822445802540466, 9.68788906376712, 8.98803762881516, 11.416426567055325, 10.1396500142776, 12.134733360225322, 12.031344581749094, 10.579771759824704, 12.063602801491108, 10.901921512583867, 13.452380731828665, 15.379359473945456, 12.92169426091402, 14.671581989182428, 12.865647559837775, 13.634557554538612, 14.13030690475991, 14.153365532109241, 11.932403911546423, 11.293570314331753, 13.995722932095896, 11.786840672368871, 10.29768300719119, 11.90021535254998, 7815.587447684169, 39.98480844054463, 1045.2985877181666, 2.0585066370718925, 6.800554966266172, 2263.616524423024, 1.9506230412527108, 98.65585797357308, 10.35268876033137, 747.234818342762, 2.8684408513716892, 3439.4522917960926, 7.488603032515326, 6.87094309754511, 4.5294625237034465, 13.41550519845722, 2.525279721142484, 1619.8764067067102, 2.19362615485435, 47.58421801015167, 1240.0915366794895, 11.217642990294209, 6458.841629454476, 20.80210350653681, 6597.097511026507, 40.610440831577755, 2.8454221188911766, 4.979169369644926, 3696.861762760596, 2.8077119049606267, 8.227901221076364, 3.5033425386333943, 3021.9464735394813, 2.1564291045823785]}