{"timeline": [0.0, 0.0, 3.127, 6.254, 9.381, 12.508, 15.635, 18.762, 21.889, 25.016, 28.143, 31.27, 34.397, 37.523, 40.651, 43.777, 46.904, 50.031, 53.158, 56.285, 59.412, 62.539, 65.666, 68.793, 71.92, 75.047, 78.173, 81.3, 84.427, 87.554, 90.681, 93.808, 96.935, 100.062, 103.189, 106.316, 109.442, 112.57, 115.696, 118.824, 121.95, 125.077, 128.204, 131.331, 134.458, 137.585, 140.712, 143.839, 146.965, 150.093, 153.219, 156.346, 159.473, 162.6, 165.727, 168.854, 171.981, 175.108, 178.235, 181.362, 184.489, 187.615, 190.742, 193.869, 196.996, 200.123, 203.25, 206.377, 209.504, 212.631, 215.758, 218.885, 222.012, 225.138, 228.266, 231.392, 234.519, 237.646, 240.773, 243.9, 247.027, 250.154, 253.281, 256.408, 259.534, 262.661, 265.788, 268.915, 272.042, 275.169, 278.296, 281.423, 284.55, 287.677, 290.804, 293.931, 297.058, 300.184, 303.311, 306.438, 309.565], "Te": [1.2100000000000002, 7.6878245322018275, 27.571820566615205, 5.721186937488577, 8.296933524485462, 8.785231732903831, 6.922636194361179, 8.218230955460918, 7.330053084138939, 118.51505609954758, 15.269710226603536, 4.020991946861881, 32.731979973689924, 8.95430243255239, 5.351940281273166, 8.95430243255239, 14.148703558158955, 7.191650655504061, 40.75448905132127, 2700.558562990961, 9.481288676632575, 29.19450086720805, 23.004846602132954, 107.7409600904978, 6.922636194361179, 11.58222529719585, 5.351940281273166, 11.918176537727234, 7.614899813797298, 8.063058392552833, 22.78662856745058, 17.95553543313968, 9.75630065498893, 1741.9963788494745, 4.55138625909739, 14.01449260960698, 8.376389795177028, 42.74366871967932, 34.3295902145342, 89.0421157772709, 89.0421157772709, 218.11559159647254, 271.5750619664947, 268.99897105330535, 274.17582302755505, 328.6058249794586, 375.51303481685574, 441.56290474410787, 429.1160673313679, 490.37072529785183, 499.80784934123517, 463.1150815193344, 504.5943005829891, 549.7886342753587, 616.4061735022343, 576.6231842513797, 599.0308293794346, 582.1452639064349, 634.2855026765177, 599.0308293794346, 539.4077978276371, 565.7356711336021, 571.1534856180504, 576.6231842513797, 593.3485776104009, 599.0308293794346, 576.6231842513797, 565.7356711336021, 571.1534856180504, 576.6231842513797, 587.7202262144081, 576.6231842513797, 539.4077978276371, 454.3707721283956, 429.1160673313679, 476.54808615816495, 10.330486782497706, 142.04293198443193, 2700.558562990961, 2700.558562990961, 19.75108897645365, 2700.558562990961, 6.000431482073512, 2700.558562990961, 2700.558562990961, 6.000431482073512, 2700.558562990961, 2700.558562990961, 11.363535460747478, 2700.558562990961, 2700.558562990961, 2700.558562990961, 2700.558562990961, 1.2100000000000002, 2700.558562990961, 2700.558562990961, 2700.558562990961, 2700.558562990961, 2700.558562990961, 2700.558562990961, 2.357947691000002], "Te_err": [NaN, 3.73480449280585, 15.435634353773795, 2.943924853299536, 3.3759379455672356, 4.6008995815993945, 3.1600461180872035, 3.1911325221986915, 5.547248824061841, 44.06093822288028, 3.8886104397666768, 1.858098238132482, 36.36313134245712, 8.212237189759165, 3.5997107272359252, 4.398019520415216, 8.029336346461989, 2.846602915888075, 22.294970320049536, 5520.190365294391, 4.769345986082647, 16.934314767609806, 12.41284425354021, 59.8125992879005, 3.3561720101302552, 6.465585679784874, 2.499398129664966, 3.691953394931392, 2.9265809481320844, 4.6254543387556994, 10.072224179207847, 7.9219797092975295, 6.625450071958811, 2805.596077699801, 9.530989890901795, 10.520631239313994, 1.0642384668016376, 4.706500875284452, 1.4692129574838073, 4.065006221697325, 2.541805614549321, 6.637220265232439, 9.605161153438853, 12.341934204839022, 10.018935289653077, 10.312778889053792, 10.854409900054574, 10.502489289051033, 15.120244976513145, 13.487184448508717, 13.611218666366806, 11.665539400453389, 13.344052633513149, 12.241429089096965, 14.468756801019978, 12.521722567072155, 15.72150567327641, 12.931672640276693, 15.445605256547656, 15.157646256370754, 13.354438677427757, 13.873326837329074, 14.276732623311194, 15.438178554859507, 12.608920299522502, 14.562405918662833, 13.600799878306185, 14.00728460842068, 12.950621610560965, 11.525881520908655, 13.179712701483236, 13.759024729599771, 15.081372163218601, 11.975361761266031, 13.146165371851852, 15.446501845856089, 0.765935433833791, 123.40064475483014, 1314.332308876019, 3246.3823932988325, 7.9549083623934935, 2739.810977093254, 3.2812613452903046, 3854.698741139738, 2531.1644464406327, 3.5182596748849364, 646.9298663406983, 5566.26479097283, 5.314719629859456, 3030.482624652905, 1849.1816999619768, 908.9398678754972, 2859.10470286386, 6.370984753689118, 2170.788069518351, 2099.264098287744, 9598.310120504382, 978.3319787872875, 3180.491754014888, 1306.7693420719443, 1.64111567679749]}