{"timeline": [0.0, 0.0, 3.126, 6.253, 9.38, 12.507, 15.634, 18.761, 21.888, 25.015, 28.142, 31.269, 34.395, 37.523, 40.649, 43.776, 46.903, 50.03, 53.157, 56.284, 59.411, 62.538, 65.665, 68.792, 71.918, 75.045, 78.172, 81.299, 84.426, 87.553, 90.68, 93.807, 96.934, 100.061, 103.188, 106.315, 109.441, 112.568, 115.695, 118.822, 121.949, 125.076, 128.203, 131.33, 134.457, 137.584, 140.711, 143.837, 146.964, 150.091, 153.218, 156.345, 159.472, 162.599, 165.726, 168.853, 171.98, 175.107, 178.234, 181.36, 184.488, 187.614, 190.741, 193.868, 196.995, 200.122, 203.249, 206.376, 209.503, 212.63, 215.757, 218.883, 222.01, 225.138, 228.264, 231.391, 234.518, 237.645, 240.772, 243.899, 247.025, 250.153, 253.279, 256.407, 259.533, 262.66, 265.787, 268.914, 272.041, 275.168, 278.295, 281.422, 284.549, 287.676, 290.803, 293.929, 297.056, 300.183, 303.31, 306.437, 309.564], "Te": [1.2100000000000002, 86.53218406412493, 8.537592382229507, 23.447572033695913, 20.518618629725587, 16.79668124926389, 18.47634937419028, 198.28690145133865, 7.6878245322018275, 7.400249944258173, 26.03933161301299, 63.18031755069291, 56.352161922585005, 55.817619865533935, 7.330053084138939, 6.537864232276418, 26.794622201266154, 5.887134309400483, 17.283881744652852, 23.672119648193625, 27.835864388580877, 91.62484996585168, 6.988931392910752, 22.570480492698156, 4.177248169415656, 13.881554751457758, 43.98348129133734, 16.479534640471332, 25.06529142419564, 53.72967821629477, 2.0634046608724677, 481.11178835242544, 23.672119648193625, 9.663754906194216, 8.95430243255239, 5.887134309400483, 4.508212984277619, 35.66364214988526, 130.36656170950235, 226.59158927897107, 239.9271507561198, 325.48875497449956, 417.0200831264372, 413.0643382985414, 409.14611664465195, 338.13728648318335, 433.225532871059, 509.4265896712679, 628.2688341798555, 684.5401620716585, 634.2855026765177, 599.0308293794346, 628.2688341798555, 704.3957693267863, 684.5401620716585, 652.683435371441, 704.3957693267863, 640.3597902970785, 646.492248835849, 684.5401620716585, 628.2688341798555, 652.683435371441, 691.0957175978411, 593.3485776104009, 652.683435371441, 640.3597902970785, 622.3092382469623, 628.2688341798555, 684.5401620716585, 658.9339123173781, 711.1414737194339, 652.683435371441, 671.6150140759587, 610.5591037054169, 610.5591037054169, 622.3092382469623, 549.7886342753587, 504.5943005829891, 405.26506222962956, 351.27734142203514, 139.3609477571139, 39.984982992124856, 50.26195303309954, 2700.558562990961, 8.063058392552833, 18.12748810451847, 9.944059456107713, 6.353573993555228, 18.47634937419028, 2700.558562990961, 5.943512938433107, 4.09837544025238, 6.174478554065301, 43.98348129133734, 42.74366871967932, 46.13026435168093, 4.959034282705381, 7.330053084138939, 42.33821331524042, 3.04996191516619, 10.429417544295834], "Te_err": [NaN, 94.78599786975848, 4.489310937648016, 11.088300480412192, 10.658953481148886, 8.489456969631819, 10.532291087009884, 148.31563465550502, 2.8851724299915738, 3.272094814417341, 7.990371014443317, 24.00949863305569, 29.529958750920322, 29.342354136973054, 2.6146394899805725, 2.585098572427401, 11.908714450804467, 2.3175349684710547, 9.98968528768952, 15.840676647137142, 13.330150109797751, 32.981381539391236, 2.074974193430462, 10.441214627213007, 2.138683420083115, 5.182405199499469, 14.70331699763228, 10.454985149184187, 8.95482708856252, 26.79556543005315, 0.9547224297229207, 161.1140212982542, 9.527781637762102, 7.214812654896322, 3.2621931545872163, 2.7306296099025222, 0.32245411187803524, 2.742255313655305, 9.735655781311598, 13.030807055430177, 12.749491884176583, 14.13853322257902, 13.87906332171061, 12.062061826593531, 17.26105440025994, 16.4188478276312, 20.36278551596231, 19.98887573846547, 19.86652718547452, 21.429675781345143, 18.779660225706632, 17.733636932193864, 18.12509454440807, 21.208122138702475, 22.482633210649183, 18.512206269404775, 20.807572724256957, 22.39719608945339, 16.69657100994369, 21.709996971061305, 17.196872893003217, 14.39420700577276, 16.7765009515223, 17.092913044575447, 13.103351919335347, 13.171722080084278, 14.004977242708923, 15.274894141345374, 17.045313042832532, 13.74507017324692, 17.59330071320572, 15.366337498886752, 15.519928069296137, 16.84896130988588, 14.010532139912728, 14.408663192472474, 11.554314946418554, 10.51379978588042, 10.332070890575974, 9.223153353694133, 6.899063216247745, 20.002560845517976, 28.722940080373412, 2380.930323468109, 2.5132027096841183, 11.907503355050816, 6.225307973497592, 2.8437659538546494, 8.121003108102228, 22747.769757258524, 5.8327186210761655, 1.7336477160146773, 2.2915289789098816, 25.409743696929425, 17.528129017692553, 32.44387736436918, 2.0831870966911645, 2.708611863400765, 13.932339628721557, 1.8118177434623568, 3.6597094422370575]}