{"timeline": [0.0, 0.0, 3.128, 6.254, 9.381, 12.508, 15.635, 18.762, 21.889, 25.015, 28.143, 31.27, 34.396, 37.523, 40.65, 43.777, 46.904, 50.031, 53.158, 56.285, 59.412, 62.539, 65.666, 68.793, 71.919, 75.046, 78.173, 81.3, 84.427, 87.554, 90.681, 93.808, 96.935, 100.062, 103.189, 106.315, 109.442, 112.569, 115.696, 118.823, 121.95, 125.077, 128.204, 131.331, 134.458, 137.585, 140.712, 143.839, 146.965, 150.092, 153.219, 156.346, 159.473, 162.6, 165.727, 168.854, 171.981, 175.108, 178.235, 181.361, 184.488, 187.615, 190.742, 193.869, 196.996, 200.123, 203.25, 206.377, 209.504, 212.631, 215.758, 218.884, 222.012, 225.138, 228.265, 231.392, 234.519, 237.646, 240.773, 243.9, 247.027, 250.154, 253.281, 256.407, 259.534, 262.661, 265.788, 268.915, 272.042, 275.169, 278.296, 281.423, 284.55, 287.677, 290.804, 293.93, 297.057, 300.184, 303.311, 306.438, 309.565], "Te": [1.2100000000000002, 27.310281396164772, 123.12056519446547, 15.415941870567679, 6.856969854946662, 8.61935334239325, 7.26052209330895, 8.456606985422011, 1333.9751194658131, 39.984982992124856, 4.9119941639943026, 10.039289564627412, 17.95553543313968, 5.507177373507842, 11.693143436495003, 9.663754906194216, 5.006524885007129, 1.6572240656052684, 24.127686667114087, 5.403193580393733, 29.47408442139277, 2.9080245847348007, 4.137623871906718, 17.616507914121645, 11.58222529719585, 10.731930720487824, 2.7463916036212552, 19.194342495775096, 519.2304414709548, 83.29531815077425, 13.881554751457758, 26.03933161301299, 6.0578951108586265, 4.0594993090862, 19.563735246441006, 7.123432514374586, 11.693143436495003, 75.00472751896066, 159.2541837336524, 209.9566512987707, 230.9523164286478, 310.3413510883105, 463.1150815193344, 450.0607283091169, 401.42082249464346, 450.0607283091169, 544.5734812540314, 604.7674977028946, 711.1414737194339, 678.0467908524578, 760.2052893576252, 836.2258182933879, 844.2340040624453, 928.6574044686898, 937.5507689739528, 1002.2352512891156, 983.3115421086113, 1041.1822316726234, 1002.2352512891156, 1092.001137135792, 1134.436430458483, 1002.2352512891156, 1102.4587764180274, 973.9841027254892, 973.9841027254892, 992.7283064870837, 946.5293015205667, 885.4400933868083, 902.4802786246215, 937.5507689739528, 804.9455394425529, 797.3100339040277, 902.4802786246215, 852.3188808854115, 634.2855026765177, 33.36190288560441, 30.32900262327673, 5.55991731349224, 2700.558562990961, 8.063058392552833, 6.174478554065301, 21.520108771085113, 2700.558562990961, 9.572087022475907, 8.869364231808119, 10.938465401718485, 2700.558562990961, 2700.558562990961, 6.988931392910752, 11.363535460747478, 4.508212984277619, 5.613162321877546, 2700.558562990961, 2700.558562990961, 21.113776745352606, 23.898817661508915, 16.323214030126984, 2.8531167061100025, 14.420993610649957, 3.4195238610799312, 7.4711190504190155], "Te_err": [NaN, 12.04305726294182, 48.53758577800183, 5.481577262193382, 4.472089000766321, 3.777823031967827, 3.7750254300670396, 6.36523302432597, 5520.538996967758, 19.96793424360881, 2.7834138075120296, 5.2513136460574, 4.392730845102081, 2.2461852331123753, 12.038054537067268, 3.5801147467080816, 1.6791947400175324, 3.348052503019544, 7.270083816976788, 2.7455379414612033, 14.034901287338142, 2.537284359994622, 1.7379329220615811, 9.377479272505946, 5.057015188630253, 7.654080644419066, 13.901247792244263, 4.909918478328424, 262.1533991118106, 31.79350120153228, 9.140279101576844, 11.177243481933688, 2.858994764641107, 1.5630016834198825, 7.889028464284686, 4.195592365366763, 1.2828209344884967, 13.28563290435687, 13.329876905358933, 14.45428299145274, 10.741702157568255, 10.125035644069825, 13.69888607284771, 15.80272638002454, 14.51290516244892, 15.20630980104262, 18.365081528908185, 17.93314200508432, 21.063267423606167, 26.962899092410307, 22.6284899354761, 35.29910802721852, 28.13959008244462, 33.434198543602406, 36.48420741303527, 40.99334075099339, 38.66293117490299, 40.127200062608495, 38.75616854320146, 41.540402269647615, 49.28938349820734, 35.21083837048883, 45.4567467806907, 36.73418778274198, 35.99020779123944, 39.036078073306626, 35.22207939116234, 34.61016002051331, 37.768973204541076, 38.11781451653902, 33.47559388010726, 39.70829458632276, 41.94771024292459, 39.089732360557925, 26.792017377191137, 1.426300599009199, 10.07674717762333, 1.5887315408297962, 193.47580005712067, 10.28233818742784, 3.928566241300435, 50.32037635671395, 3698.5819164957984, 5.902755481539937, 5.799647083272749, 7.177902005948704, 3231.921058351658, 309.0749889658302, 2.365627899958518, 5.809072226196047, 1.821908380953847, 2.168908166702086, 411.3813166250049, 4683.530107039948, 8.116391762138006, 8.581064957854135, 6.822844410917775, 2.0570000186800006, 6.534238683178951, 1.1309793615366714, 2.6419748151633256]}