{"timeline": [0.0, 0.0, 3.127, 6.254, 9.381, 12.508, 15.635, 18.762, 21.889, 25.015, 28.142, 31.269, 34.396, 37.523, 40.65, 43.777, 46.904, 50.031, 53.157, 56.285, 59.411, 62.538, 65.665, 68.792, 71.919, 75.046, 78.173, 81.3, 84.427, 87.554, 90.681, 93.808, 96.934, 100.061, 103.188, 106.315, 109.442, 112.569, 115.696, 118.823, 121.95, 125.077, 128.204, 131.331, 134.458, 137.584, 140.711, 143.838, 146.965, 150.092, 153.219, 156.346, 159.473, 162.599, 165.727, 168.853, 171.98, 175.107, 178.234, 181.361, 184.488, 187.615, 190.742, 193.869, 196.996, 200.123, 203.25, 206.376, 209.503, 212.63, 215.757, 218.884, 222.011, 225.138, 228.265, 231.392, 234.519, 237.646, 240.773, 243.9, 247.026, 250.153, 253.28, 256.407, 259.534, 262.661, 265.788, 268.915, 272.042, 275.169, 278.295, 281.422, 284.549, 287.676, 290.803, 293.93, 297.057, 300.184, 303.311, 306.438, 309.565], "data": {"0": [0.0, 2075.0904474999998, -15.16136499999983, 0.0, 0.0, 397.86045750000017, 7446.7920024999985, 17423.541699999998, 24274.262289999995, 24094.501245, 14441.225157499997, 4623.668275000003, 39.78578000000017, 20.139629999999897, 3.03122249999994, 0.0, 0.0, 0.0, 0.0, 0.0, 0.0, 0.0, 0.0, 0.0, 0.0, 0.0, 0.0, 0.0, 0.0, 0.0, 0.0, 0.0, 0.0, 0.0, 0.0, 0.0, 0.0, 0.0, 0.0, 0.0, 0.0, 0.0, 0.0, 0.0, 0.0, 0.0, 0.0, 0.0, 0.0, 0.0, 0.0, 0.0, 0.0, 0.0, 0.0, 0.0, 0.0, 0.0, 0.0, 0.0, 0.0, 0.0, 0.0, 0.0, 0.0, 0.0, 0.0, 0.0, 0.0, 0.0, 0.0, 0.0, 0.0, 0.0, 0.0, 0.0, 0.0, 0.0, 0.0, 0.0, 0.0, 0.0, 0.0, 0.0, 0.0, 0.0, 0.0, 0.0, 0.0, 0.0, 0.0, 0.0, 0.0, 0.0, 0.0, 0.0, 0.0, 0.0, 0.0, 0.0, 0.0], "1": [0.0, -79.24588625000003, -12.159001249999992, 0.7168187500000943, 0.0, 0.0, 0.0, -102.61021625000005, -60.61305624999988, -71.19562624999995, -109.15893999999986, -43.30824624999999, -8.651027499999953, -49.551115000000095, -12.066317500000023, -3.989995000000017, 3.1618399999999944, 0.0, 0.0, 0.0, 0.0, 0.0, 0.0, 0.0, 0.0, 0.0, 0.0, 0.0, 0.0, 0.0, 0.0, 0.0, 0.0, 0.0, 0.0, 0.0, 0.0, 0.0, 0.0, 0.0, 0.0, 0.0, 0.0, 0.0, 0.0, 0.0, 0.0, 0.0, 0.0, 0.0, 0.0, 0.0, 0.0, 0.0, 0.0, 0.0, 0.0, 0.0, 0.0, 0.0, 0.0, 0.0, 0.0, 0.0, 0.0, 0.0, 0.0, 0.0, 0.0, 0.0, 0.0, 0.0, 0.0, 0.0, 0.0, 0.0, 0.0, 0.0, 0.0, 0.0, 0.0, 0.0, 0.0, 0.0, 0.0, 0.0, 0.0, 0.0, 0.0, 0.0, 0.0, 0.0, 0.0, 0.0, 0.0, 0.0, 0.0, 0.0, 0.0, 0.0, 0.0], "2": [0.0, -34.72967625000002, -75.44558624999996, -23.640572500000005, 0.0, 0.0, 0.0, -49.302737500000035, -40.66342875000001, -13.245434999999944, -7.822737500000021, -48.89784249999999, -8.520013750000059, -15.39493249999991, -1.0206475000000248, -2.8562450000000057, 8.124005000000006, 0.0, 0.0, 0.0, 0.0, 0.0, 0.0, 0.0, 0.0, 0.0, 0.0, 0.0, 0.0, 0.0, 0.0, 0.0, 0.0, 0.0, 0.0, 0.0, 0.0, 0.0, 0.0, 0.0, 0.0, 0.0, 0.0, 0.0, 0.0, 0.0, 0.0, 0.0, 0.0, 0.0, 0.0, 0.0, 0.0, 0.0, 0.0, 0.0, 0.0, 0.0, 0.0, 0.0, 0.0, 0.0, 0.0, 0.0, 0.0, 0.0, 0.0, 0.0, 0.0, 0.0, 0.0, 0.0, 0.0, 0.0, 0.0, 0.0, 0.0, 0.0, 0.0, 0.0, 0.0, 0.0, 0.0, 0.0, 0.0, 0.0, 0.0, 0.0, 0.0, 0.0, 0.0, 0.0, 0.0, 0.0, 0.0, 0.0, 0.0, 0.0, 0.0, 0.0, 0.0], "3": [0.0, -36.871355000000655, -17.019191249999498, -5.565751249999724, -2.3129600000000194, 0.0, 0.0, 16.115331249999834, -5.848107500000218, -7.545708749999737, -15.611490000000332, -41.07960750000037, -57.88852250000008, -16.893779999999857, 0.6599437499996119, -1.6496400000001485, 6.720399999999814, 0.0, 0.0, 0.0, 0.0, 0.0, 0.0, 0.0, 0.0, 0.0, 0.0, 0.0, 0.0, 0.0, 0.0, 0.0, 0.0, 0.0, 0.0, 0.0, 0.0, 0.0, 0.0, 0.0, 0.0, 0.0, 0.0, 0.0, 0.0, 0.0, 0.0, 0.0, 0.0, 0.0, 0.0, 0.0, 0.0, 0.0, 0.0, 0.0, 0.0, 0.0, 0.0, 0.0, 0.0, 0.0, 0.0, 0.0, 0.0, 0.0, 0.0, 0.0, 0.0, 0.0, 0.0, 0.0, 0.0, 0.0, 0.0, 0.0, 0.0, 0.0, 0.0, 0.0, 0.0, 0.0, 0.0, 0.0, 0.0, 0.0, 0.0, 0.0, 0.0, 0.0, 0.0, 0.0, 0.0, 0.0, 0.0, 0.0, 0.0, 0.0, 0.0, 0.0, 0.0], "4": [0.0, -49.16894499999996, 0.645263749999885, 25.46959000000001, -23.97104124999996, 0.0, 0.0, -54.52517624999987, 0.16025500000002355, -11.367126250000043, -26.849148749999948, 1.2510462499999786, -20.210383750000055, 1.1322362500000092, 7.109117500000003, -0.6619500000000333, -3.9928549999999903, 0.0, 0.0, 0.0, 0.0, 0.0, 0.0, 0.0, 0.0, 0.0, 0.0, 0.0, 0.0, 0.0, 0.0, 0.0, 0.0, 0.0, 0.0, 0.0, 0.0, 0.0, 0.0, 0.0, 0.0, 0.0, 0.0, 0.0, 0.0, 0.0, 0.0, 0.0, 0.0, 0.0, 0.0, 0.0, 0.0, 0.0, 0.0, 0.0, 0.0, 0.0, 0.0, 0.0, 0.0, 0.0, 0.0, 0.0, 0.0, 0.0, 0.0, 0.0, 0.0, 0.0, 0.0, 0.0, 0.0, 0.0, 0.0, 0.0, 0.0, 0.0, 0.0, 0.0, 0.0, 0.0, 0.0, 0.0, 0.0, 0.0, 0.0, 0.0, 0.0, 0.0, 0.0, 0.0, 0.0, 0.0, 0.0, 0.0, 0.0, 0.0, 0.0, 0.0, 0.0], "5": [0.0, 7.21924124999996, -29.61042375000005, -15.040978750000193, 13.759820000000015, 0.0, 0.0, 4.715335000000105, -21.289652500000265, 24.918606250000206, -28.783581250000086, -46.26535374999992, -3.216678750000058, 8.390236249999985, -5.77946874999987, 0.6601250000000414, -3.5887725000000845, 0.0, 0.0, 0.0, 0.0, 0.0, 0.0, 0.0, 0.0, 0.0, 0.0, 0.0, 0.0, 0.0, 0.0, 0.0, 0.0, 0.0, 0.0, 0.0, 0.0, 0.0, 0.0, 0.0, 0.0, 0.0, 0.0, 0.0, 0.0, 0.0, 0.0, 0.0, 0.0, 0.0, 0.0, 0.0, 0.0, 0.0, 0.0, 0.0, 0.0, 0.0, 0.0, 0.0, 0.0, 0.0, 0.0, 0.0, 0.0, 0.0, 0.0, 0.0, 0.0, 0.0, 0.0, 0.0, 0.0, 0.0, 0.0, 0.0, 0.0, 0.0, 0.0, 0.0, 0.0, 0.0, 0.0, 0.0, 0.0, 0.0, 0.0, 0.0, 0.0, 0.0, 0.0, 0.0, 0.0, 0.0, 0.0, 0.0, 0.0, 0.0, 0.0, 0.0, 0.0], "6": [0.0, 2557.7057987499993, -0.9916999999999485, 0.0, 0.0, 4.41760125000008, 41.511213749999975, 72.26542250000003, 120.33682749999994, 1257.1053424999989, 3061.40218625, 2900.96721, 2.7218762499998803, 1.651534999999988, -1.087887500000013, 0.0, 0.0, 0.0, 0.0, 0.0, 0.0, 0.0, 0.0, 0.0, 0.0, 0.0, 0.0, 0.0, 0.0, 0.0, 0.0, 0.0, 0.0, 0.0, 0.0, 0.0, 0.0, 0.0, 0.0, 0.0, 0.0, 0.0, 0.0, 0.0, 0.0, 0.0, 0.0, 0.0, 0.0, 0.0, 0.0, 0.0, 0.0, 0.0, 0.0, 0.0, 0.0, 0.0, 0.0, 0.0, 0.0, 0.0, 0.0, 0.0, 0.0, 0.0, 0.0, 0.0, 0.0, 0.0, 0.0, 0.0, 0.0, 0.0, 0.0, 0.0, 0.0, 0.0, 0.0, 0.0, 0.0, 0.0, 0.0, 0.0, 0.0, 0.0, 0.0, 0.0, 0.0, 0.0, 0.0, 0.0, 0.0, 0.0, 0.0, 0.0, 0.0, 0.0, 0.0, 0.0, 0.0]}, "err": {"0": [26.692695630078276, 462.8205419278566, 28.010835824179257, 7.35750030820591, 28.108531169497724, 40.193628313131384, 175.30657451982128, 264.63972504390875, 312.9677506863173, 310.72968797881765, 240.87307089861486, 143.1040573031562, 30.211672631104037, 43.73788410037009, 29.987590812416165, 29.45107590149933, 20.745647920934523, 19.222542362848362, 52.29621708654371, 9.424069261465887, 28.89655954279257, 27.631254358545792, 20.59578913510371, 3.6450806864697918, 24.218881653689262, 38.45764527815512, 17.610819815304595, 23.681411518182358, 29.442655004434567, 29.24431880092696, 32.52427607841948, 32.16889877295936, 27.26243248581736, 26.497808775503024, 24.095866696056504, 34.801905654161466, 195.40375470814055, 19.03362611829801, 22.468471843266432, 60.630332035555085, 18.918695369201764, 28.98801257930002, 79.99688434250052, 8.535084416185112, 19.218349253551924, 37.53036562383394, 37.76684405761389, 39.90080804786885, 32.77874021332511, 25.55508870674782, 8.4652486176426, 9.991338583172627, 35.970825122891696, 25.35926711825297, 13.990949132668103, 25.509621507874247, 24.41680265253315, 221.57672738590324, 26.77687275951312, 14.576018413061446, 10.56703583004122, 27.001254131294537, 26.008295538441303, 43.76606824617567, 27.85929357937233, 6.688531140100481, 23.046578303251582, 11.96813815988624, 19.001177538356835, 5.9299236687409245, 26.722266762662674, 26.838178284803067, 35.37271326034201, 22.787096090517977, 26.844193803812704, 19.380678079033384, 27.082699695716727, 30.935739181339677, 31.03059921895241, 30.516107730039987, 24.311028547469462, 24.71713097114846, 32.653793930629256, 4.103968924635638, 24.069672151753675, 12.333467510311367, 25.152466968155547, 25.43547965558395, 26.889208904157186, 29.41456037088605, 17.597169285609727, 29.093823165534747, 20.61389587748775, 40.720850934214276, 14.02758683599593, 28.910566056130317, 23.930733968761935, 7.055116654428453, 14.79821531977336, 4.575025326118396, 14.03240669976109],