{"timeline": [0.0, 0.0, 3.127, 6.254, 9.381, 12.508, 15.635, 18.762, 21.889, 25.015, 28.142, 31.269, 34.396, 37.523, 40.65, 43.777, 46.904, 50.031, 53.157, 56.285, 59.411, 62.538, 65.665, 68.792, 71.919, 75.046, 78.173, 81.3, 84.427, 87.554, 90.681, 93.808, 96.934, 100.061, 103.188, 106.315, 109.442, 112.569, 115.696, 118.823, 121.95, 125.077, 128.204, 131.331, 134.458, 137.584, 140.711, 143.838, 146.965, 150.092, 153.219, 156.346, 159.473, 162.599, 165.727, 168.853, 171.98, 175.107, 178.234, 181.361, 184.488, 187.615, 190.742, 193.869, 196.996, 200.123, 203.25, 206.376, 209.503, 212.63, 215.757, 218.884, 222.011, 225.138, 228.265, 231.392, 234.519, 237.646, 240.773, 243.9, 247.026, 250.153, 253.28, 256.407, 259.534, 262.661, 265.788, 268.915, 272.042, 275.169, 278.295, 281.422, 284.549, 287.676, 290.803, 293.93, 297.057, 300.184, 303.311, 306.438, 309.565], "Te": [1.2100000000000002, 170.2416147851022, 26.288699427659807, 2700.558562990961, 2700.558562990961, 1.2100000000000002, 1.2100000000000002, 6.4144195208335875, 9.481288676632575, 3.6554472244198917, 2.31342609159514, 39.23000636487379, 205.99235388997369, 5.054470284992945, 2.4730364018431805, 11.148974817380628, 35.325346049321745, 1.2100000000000002, 1.2100000000000002, 1.2100000000000002, 1.2100000000000002, 1.2100000000000002, 1.2100000000000002, 1.2100000000000002, 1.2100000000000002, 1.2100000000000002, 1.2100000000000002, 1.2100000000000002, 1.2100000000000002, 1.2100000000000002, 1.2100000000000002, 1.2100000000000002, 1.2100000000000002, 1.2100000000000002, 1.2100000000000002, 1.2100000000000002, 1.2100000000000002, 1.2100000000000002, 1.2100000000000002, 1.2100000000000002, 1.2100000000000002, 1.2100000000000002, 1.2100000000000002, 1.2100000000000002, 1.2100000000000002, 1.2100000000000002, 1.2100000000000002, 1.2100000000000002, 1.2100000000000002, 1.2100000000000002, 1.2100000000000002, 1.2100000000000002, 1.2100000000000002, 1.2100000000000002, 1.2100000000000002, 1.2100000000000002, 1.2100000000000002, 1.2100000000000002, 1.2100000000000002, 1.2100000000000002, 1.2100000000000002, 1.2100000000000002, 1.2100000000000002, 1.2100000000000002, 1.2100000000000002, 1.2100000000000002, 1.2100000000000002, 1.2100000000000002, 1.2100000000000002, 1.2100000000000002, 1.2100000000000002, 1.2100000000000002, 1.2100000000000002, 1.2100000000000002, 1.2100000000000002, 1.2100000000000002, 1.2100000000000002, 1.2100000000000002, 1.2100000000000002, 1.2100000000000002, 1.2100000000000002, 1.2100000000000002, 1.2100000000000002, 1.2100000000000002, 1.2100000000000002, 1.2100000000000002, 1.2100000000000002, 1.2100000000000002, 1.2100000000000002, 1.2100000000000002, 1.2100000000000002, 1.2100000000000002, 1.2100000000000002, 1.2100000000000002, 1.2100000000000002, 1.2100000000000002, 1.2100000000000002, 1.2100000000000002, 1.2100000000000002, 1.2100000000000002, 1.2100000000000002], "Te_err": [NaN, 110.67336873340282, 11.312599161123027, 24766.722256420126, 27379.17609997483, NaN, NaN, 2.533140458069002, 4.048915060442619, 2.0417426907325895, 0.9234744059589257, 34.78567204852583, 159.54373754790473, 5.075331607493038, 11.520786332275565, 54.49510118113254, 150.0455001550876, NaN, NaN, NaN, NaN, NaN, NaN, NaN, NaN, NaN, NaN, NaN, NaN, NaN, NaN, NaN, NaN, NaN, NaN, NaN, NaN, NaN, NaN, NaN, NaN, NaN, NaN, NaN, NaN, NaN, NaN, NaN, NaN, NaN, NaN, NaN, NaN, NaN, NaN, NaN, NaN, NaN, NaN, NaN, NaN, NaN, NaN, NaN, NaN, NaN, NaN, NaN, NaN, NaN, NaN, NaN, NaN, NaN, NaN, NaN, NaN, NaN, NaN, NaN, NaN, NaN, NaN, NaN, NaN, NaN, NaN, NaN, NaN, NaN, NaN, NaN, NaN, NaN, NaN, NaN, NaN, NaN, NaN, NaN, NaN]}