{"timeline": [0.0, 0.0, 3.126, 6.253, 9.38, 12.507, 15.634, 18.761, 21.888, 25.015, 28.142, 31.269, 34.396, 37.522, 40.649, 43.776, 46.903, 50.03, 53.157, 56.284, 59.411, 62.538, 65.665, 68.792, 71.918, 75.045, 78.172, 81.299, 84.426, 87.553, 90.68, 93.807, 96.934, 100.061, 103.188, 106.315, 109.442, 112.568, 115.695, 118.822, 121.949, 125.076, 128.203, 131.33, 134.457, 137.584, 140.711, 143.838, 146.965, 150.091, 153.218, 156.345, 159.472, 162.599, 165.726, 168.853, 171.98, 175.107, 178.234, 181.361, 184.488, 187.615, 190.741, 193.868, 196.995, 200.122, 203.249, 206.376, 209.503, 212.63, 215.757, 218.884, 222.01, 225.137, 228.264, 231.391, 234.518, 237.645, 240.772, 243.899, 247.026, 250.153, 253.28, 256.406, 259.533, 262.66, 265.787, 268.914, 272.041, 275.168, 278.295, 281.422, 284.549, 287.676, 290.803, 293.929, 297.057, 300.183, 303.31, 306.437, 309.564], "Te": [1.2100000000000002, 111.92778654042314, 31.20871837684927, 2.963989158702142, 7.910815721054467, 325.48875497449956, 3.552406962694162, 5.351940281273166, 1.2100000000000002, 6.353573993555228, 2.7463916036212552, 5.351940281273166, 1.2215876651600335, 26.5404553338255, 1.2100000000000002, 7.0558614729169475, 4.728253667345931, 7.835775765812045, 8.537592382229507, 28.10243684806433, 10.731930720487824, 15.563573913974851, 8.218230955460918, 67.53932003729608, 2.826052777752009, 25.792329237065506, 1.2100000000000002, 28.371562160772058, 2700.558562990961, 6.727499949325611, 6.293305631237435, 5.351940281273166, 7.986574302639846, 11.805123792536607, 8.296933524485462, 276.8014904921996, 5.006524885007129, 14.98139512770121, 23.672119648193625, 80.17953205361366, 96.09695335644786, 233.1640504044406, 284.8303279328168, 298.73256816314415, 328.6058249794586, 401.42082249464346, 433.225532871059, 529.222967187668, 539.4077978276371, 571.1534856180504, 610.5591037054169, 565.7356711336021, 587.7202262144081, 640.3597902970785, 652.683435371441, 622.3092382469623, 599.0308293794346, 599.0308293794346, 616.4061735022343, 697.7140529441696, 691.0957175978411, 678.0467908524578, 678.0467908524578, 678.0467908524578, 652.683435371441, 640.3597902970785, 634.2855026765177, 640.3597902970785, 622.3092382469623, 610.5591037054169, 628.2688341798555, 587.7202262144081, 628.2688341798555, 599.0308293794346, 565.7356711336021, 587.7202262144081, 534.291114740371, 499.80784934123517, 421.0137104721219, 358.0376304719495, 313.3133607260985, 230.9523164286478, 375.51303481685574, 6.0578951108586265, 5.006524885007129, 8.701897293159915, 2700.558562990961, 1.2100000000000002, 1.2100000000000002, 5.613162321877546, 20.913496911029956, 1.2100000000000002, 17.44940226888645, 147.56273711850383, 2.2268889246447343, 2700.558562990961, 2700.558562990961, 13.490259529030562, 27.051223118752, 11.363535460747478, 28.10243684806433], "Te_err": [NaN, 57.52684116289388, 9.774519178678078, 1.8329229265687628, 4.130178838066987, 129.31425306385452, 2.7045618498437496, 2.7972405662657533, 4.49228874113201, 2.2651016994809785, 2.8244793348719917, 2.625679189435114, 7.641392596882369, 18.89826160176541, 3.1868686671987994, 2.7405642184376195, 2.4423478562982552, 3.1113875599907668, 3.236011408651653, 22.963632760838237, 9.262562099071003, 10.569433323105386, 4.869367886962626, 26.784295757197768, 2.0471146671214986, 28.99360150858335, 22.05292952081089, 18.53680626231654, 7457.247773012855, 2.460006554460283, 2.3826840393291078, 1.841875608326144, 3.839320102256324, 8.325126468780628, 11.811876382957275, 163.78686263628776, 0.42789810300478304, 1.1303555865822776, 0.8931694814801243, 3.37899925887769, 3.6913250196602028, 6.778593931532279, 9.754108575701832, 12.532437567968927, 10.94190497518527, 11.819867381966034, 11.662088918158577, 12.623527143402791, 14.225627564032466, 13.695525780968822, 14.501582670357866, 13.604216772529838, 17.58125690094705, 14.668586472580747, 15.050442181715828, 14.827452130366774, 12.199721066653971, 13.316602999973437, 14.980732593636588, 16.607802010988667, 15.527157485575072, 15.151808452674919, 14.823005347494902, 14.226064399180633, 14.323560999424126, 16.27553887409406, 14.859122907936491, 13.51259635608949, 14.792828425182773, 11.990780550428987, 15.949845215028748, 12.871765824690401, 13.099510348053931, 12.680822974527896, 12.650945599496419, 13.857874317914527, 10.331085739868326, 10.398943944222506, 8.64897791373715, 7.551346473773625, 7.376426634539435, 6.550331791173848, 660.6744297901236, 3.676917613252832, 2.4644279265834523, 5.544432290296107, 1375.5112154592134, 3.008166927397798, 11.805179115147835, 2.8768060410464855, 13.265753452138245, 10.889227603467685, 6.203469906393006, 168.07668103027456, 2.342772937574118, 5290.71808195943, 2696.8425870166952, 6.852605362280274, 12.415268962076171, 6.146329595752681, 23.373248660434527]}