{"timeline": [0.0, 0.0, 3.128, 6.254, 9.381, 12.508, 15.635, 18.762, 21.889, 25.016, 28.143, 31.27, 34.397, 37.523, 40.651, 43.777, 46.904, 50.031, 53.158, 56.285, 59.412, 62.539, 65.666, 68.793, 71.92, 75.047, 78.173, 81.3, 84.427, 87.554, 90.681, 93.808, 96.935, 100.062, 103.189, 106.316, 109.442, 112.57, 115.696, 118.824, 121.95, 125.077, 128.204, 131.331, 134.458, 137.585, 140.712, 143.839, 146.966, 150.093, 153.219, 156.346, 159.473, 162.6, 165.727, 168.854, 171.981, 175.108, 178.235, 181.362, 184.489, 187.615, 190.742, 193.869, 196.996, 200.123, 203.25, 206.377, 209.504, 212.631, 215.758, 218.885, 222.012, 225.138, 228.265, 231.392, 234.519, 237.646, 240.773, 243.9, 247.027, 250.154, 253.281, 256.408, 259.535, 262.661, 265.788, 268.915, 272.042, 275.169, 278.296, 281.423, 284.55, 287.677, 290.804, 293.931, 297.058, 300.184, 303.311, 306.438, 309.565], "Te": [1.2100000000000002, 9.84973267580763, 36.698093174164846, 5.301173157713708, 103.71074815305066, 1.2100000000000002, 7.123432514374586, 4.55138625909739, 77.9194200999629, 18.47634937419028, 8.218230955460918, 4.683402673961246, 1.7052931081590639, 16.323214030126984, 38.857880654253925, 66.8986594870555, 34.00394858615784, 4.508212984277619, 4.42309114154807, 5.1028748380704965, 14.01449260960698, 14.559097449687306, 10.938465401718485, 15.269710226603536, 6.791926409471832, 9.75630065498893, 7.614899813797298, 7.191650655504061, 21.93426060646735, 319.34303765639555, 2.357947691000002, 17.119931305372337, 12.38131828735637, 7.986574302639846, 12.032311941890335, 13.235543136079368, 11.472359298725419, 2700.558562990961, 29.7563454306272, 7.835775765812045, 2210.695670897408, 34.99025893821521, 4.177248169415656, 6.988931392910752, 23.004846602132954, 7.0558614729169475, 22.356382742770244, 4.773534179981388, 26.288699427659807, 6.0578951108586265, 17.119931305372337, 1.2100000000000002, 10.834705943388395, 9.572087022475907, 4.508212984277619, 45.69268457554503, 31.80932630746837, 25.54766986187666, 24.358747455696502, 8.537592382229507, 6.988931392910752, 168.62674678610784, 16.01500719465604, 10.039289564627412, 33.36190288560441, 6.115909044841464, 5.351940281273166, 8.785231732903831, 2.7726926501510816, 43.153007001361175, 29.19450086720805, 87.36086668767986, 499.80784934123517, 4.773534179981388, 15.269710226603536, 9.84973267580763, 6.988931392910752, 7.5426668404413295, 8.296933524485462, 9.39135162045246, 9.572087022475907, 37.76254923598762, 23.447572033695913, 26.794622201266154, 5.250887597979527, 24.127686667114087, 2700.558562990961, 5.1028748380704965, 16.79668124926389, 5.151742941357371, 3.4195238610799312, 9.302267683964214, 16.323214030126984, 860.4811832005151, 16.01500719465604, 20.13119624437727, 1453.4535135277397, 46.57203464676446, 31.507591251745726, 3.291611450853274, 34.00394858615784], "Te_err": [NaN, 9.872488379264901, 24.306682690592698, 1.8535157991911837, 38.744250277842966, 2.7170198285526137, 3.241842748125851, 1.848362181416226, 25.943218946431454, 8.698868109008087, 3.7769153059707783, 2.4684250850158613, 1.5536359627226726, 5.569379408523936, 18.626775755566882, 74.31993468128134, 15.479196016533711, 2.1869726245664376, 1.5952439738039312, 2.622036046849207, 47.73878409433114, 10.369060997142793, 5.1268759939753785, 8.285291131320534, 3.8821029619956415, 6.3525477166938655, 3.5281766131974983, 4.491372237430298, 12.07918284647366, 138.1712306159015, 1.2757763469680214, 8.16329361921057, 8.007480409680234, 3.420444029456208, 8.675239817089258, 5.1318768210696275, 1.8274272462148924, 9664.50395109667, 23.69771714383131, 4.6661023164950945, 6489.843624319408, 31.04302011323697, 1.057728431767385, 2.5250249942582705, 13.378498364092128, 4.529797349662653, 8.806349193090973, 2.380747172710579, 8.875244223539276, 1.7612827154315818, 11.307107904641002, 9.615097269058687, 2.938352794941424, 3.1031551798786148, 1.68091491904807, 25.61141981155221, 17.985140677063352, 10.827998602491038, 9.50233045965448, 8.624017926154567, 6.039885107712196, 170.15031603958002, 10.222923567715002, 4.405414573206637, 16.027855708779473, 3.5830484921192327, 1.8701930419933044, 4.147311998562403, 1.195066254681735, 16.93725942864723, 23.81256902105978, 42.99496570819612, 333.8671754782038, 1.5106488416474793, 7.305451269701818, 3.6803084950921843, 3.0587818408843765, 9.996789537214784, 3.047926964084556, 3.8022281289024265, 5.173363001730247, 22.90968212962168, 10.986810247359038, 36.314026239326346, 1.836164017478943, 18.881515862508742, 7812.892595042012, 1.5490031055605236, 7.671954804508472, 4.340296341543075, 1.4594641756579636, 3.7190592633044255, 7.256542206274002, 392.75937101864673, 7.157863257172635, 6.347537707522846, 1229.6228228051978, 26.865261618976827, 18.441573797178062, 1.0448545019690771, 13.524595068589424]}