{"timeline": [0.0, 0.0, 3.127, 6.254, 9.381, 12.508, 15.635, 18.762, 21.888, 25.016, 28.142, 31.269, 34.396, 37.523, 40.65, 43.777, 46.904, 50.031, 53.158, 56.285, 59.412, 62.538, 65.665, 68.792, 71.919, 75.046, 78.173, 81.3, 84.427, 87.554, 90.681, 93.808, 96.935, 100.061, 103.188, 106.315, 109.442, 112.569, 115.696, 118.823, 121.95, 125.077, 128.204, 131.331, 134.458, 137.584, 140.711, 143.838, 146.965, 150.092, 150.092, 156.346, 159.473, 162.6, 165.727, 168.854, 171.981, 175.108, 178.234, 181.361, 184.488, 187.615, 190.742, 193.869, 196.996, 200.123, 203.25, 206.377, 209.503, 212.63, 212.63, 215.757, 218.885, 222.011, 225.138, 228.265, 231.392, 234.519, 237.646, 240.773, 243.9, 247.026, 250.154, 253.28, 256.407, 259.534, 262.661, 265.788, 268.915, 272.042, 275.169, 278.296, 281.423, 284.55, 287.676, 290.803, 293.93, 297.057, 300.184, 303.311, 306.438], "Te": [1.2100000000000002, 12.740447826915435, 26.03933161301299, 6.353573993555228, 25.54766986187666, 29.19450086720805, 1.2100000000000002, 19.37815870553381, 5.83129047348508, 125.49000526519133, 27.835864388580877, 301.5934053303106, 7.614899813797298, 3.6207725959386017, 14.98139512770121, 3.2603880745723566, 66.26407607736665, 7.4711190504190155, 12.263872299118692, 3.354958106682809, 6.791926409471832, 658.9339123173781, 15.863092971714952, 31.80932630746837, 7.26052209330895, 24.358747455696502, 12.61959522859796, 4.683402673961246, 11.805123792536607, 28.91756937042579, 4.46544923999482, 4.773534179981388, 27.835864388580877, 2.5206296819555285, 80.17953205361366, 1.3566149306101292, 8.869364231808119, 65.01291064171669, 143.4032178804526, 220.20439361432588, 242.2248329757585, 287.5580291456333, 413.0643382985414, 425.04558312066257, 386.4050755642387, 393.8413935191445, 379.10916647857925, 429.1160673313679, 610.5591037054169, 731.7686722205026, 724.8273035491161, 724.8273035491161, 691.0957175978411, 885.4400933868083, 789.7469567994436, 745.8514699377035, 684.5401620716585, 658.9339123173781, 652.683435371441, 646.492248835849, 665.2442474731841, 640.3597902970785, 711.1414737194339, 731.7686722205026, 640.3597902970785, 658.9339123173781, 524.2028947739815, 534.291114740371, 571.1534856180504, 1.2100000000000002, 524.2028947739815, 524.2028947739815, 519.2304414709548, 509.4265896712679, 555.0537306412881, 514.3051555760018, 509.4265896712679, 5.55991731349224, 2700.558562990961, 11.58222529719585, 2700.558562990961, 9.04005405100701, 433.225532871059, 3.323133840381719, 6.174478554065301, 15.712619767866228, 2700.558562990961, 5.83129047348508, 2700.558562990961, 9.75630065498893, 7.986574302639846, 587.7202262144081, 6.922636194361179, 44.40469274073947, 11.805123792536607, 9.12662687693401, 2700.558562990961, 1.382722817396187, 2700.558562990961, 7.835775765812045, 30.619450827438968], "Te_err": [NaN, 5.4628076544639494, 18.126605526677565, 1.8512926888833952, 11.157254824748456, 15.686763858129888, 68.36966961039784, 12.715180538898952, 1.974677091127495, 51.44290241892687, 42.23066381942535, 146.9100167170502, 4.376161079251154, 1.6193691220173634, 7.92929660325707, 2.396996118193732, 38.2352541313634, 3.900578238372138, 8.645392652644878, 2.38750849641355, 2.554852628580548, 294.3050578233145, 5.9678284660279335, 14.220642742685092, 2.576342070653041, 11.26773943591418, 8.31898599236123, 1.6951929414404614, 5.91590093333629, 11.17906096920114, 2.180146558148141, 2.665557227552653, 10.690766428805173, 2.874874560378276, 25.311384337730612, 4.921388851385523, 0.9093341858288908, 8.948644325038458, 9.101009532359898, 17.6845423067103, 10.957350252595795, 8.379211736425288, 11.596257690883261, 16.100348345785648, 14.825863180955746, 14.954889125001515, 14.495492238142734, 18.992499418502433, 18.22691972285643, 25.247765096095208, 24.255495669264715, 27.411628216862425, 21.2472465837107, 31.37933566322168, 26.97505670207811, 22.542983871204925, 18.478685195542145, 17.404812800599565, 19.54691946111108, 19.055652333612134, 15.033049889144523, 16.052925051513707, 19.461152748207066, 17.571630974405863, 16.758321999813592, 17.10755712803327, 13.011477955546129, 15.04300870076371, 13.931523450186344, 0.2630466520074251, 12.672542814260359, 12.668361044372377, 13.509717225897843, 14.815338365705331, 16.989115816481906, 16.795903982994325, 17.192042338245894, 3.371493597277061, 30630.405722827956, 9.307058680334919, 586.8386239686403, 4.302605289679615, 886.7497699670357, 1.0815759793969646, 3.2508932012874214, 22.426515362435204, 3952.7510429817685, 2.970858955500184, 4708.383700518445, 11.599535413298813, 3.01508125316313, 245.74359295077016, 6.65240606465363, 26.28807773387873, 4.795475756461338, 3.698695766292673, 2440.1302978506333, 4.070695696769326, 3144.6055649659684, 4.307377501286794, 12.465334305687508]}