{"timeline": [0.0, 0.0, 3.127, 6.254, 9.381, 12.508, 15.635, 18.762, 21.889, 25.016, 28.143, 31.27, 34.397, 37.523, 40.65, 43.777, 46.904, 50.031, 53.158, 56.285, 59.412, 62.539, 65.666, 68.793, 71.92, 75.046, 78.173, 81.3, 84.427, 87.554, 90.681, 93.808, 96.935, 100.062, 103.189, 106.316, 109.443, 112.569, 115.696, 118.823, 121.95, 125.077, 128.204, 131.331, 134.458, 137.585, 140.712, 143.838, 146.965, 150.092, 153.219, 156.346, 159.473, 162.6, 165.727, 168.854, 171.981, 175.108, 178.235, 181.362, 184.489, 187.615, 190.742, 193.869, 196.996, 200.123, 203.25, 206.377, 209.504, 212.631, 215.758, 218.884, 222.012, 225.138, 228.265, 231.392, 234.519, 237.646, 240.773, 243.9, 247.027, 250.154, 253.28, 256.408, 259.535, 262.661, 265.788, 268.915, 272.042, 275.169, 278.296, 281.423, 284.55, 287.677, 290.804, 293.931, 297.057, 300.184, 303.311, 306.438, 309.565], "Te": [1.2100000000000002, 4.177248169415656, 7.123432514374586, 42.33821331524042, 9.944059456107713, 8.376389795177028, 9.214028774694732, 7.330053084138939, 1.2100000000000002, 5.1028748380704965, 2700.558562990961, 3.6904539173510904, 6.174478554065301, 13.235543136079368, 6.115909044841464, 4.683402673961246, 9.302267683964214, 3.5187097475291096, 90.75572029794242, 13.74987790750445, 235.39696523373286, 2.18484191189692, 9.663754906194216, 29.7563454306272, 421.0137104721219, 9.75630065498893, 150.40256376909076, 13.235543136079368, 16.95753605762445, 4.217251932289665, 2700.558562990961, 11.148974817380628, 1.2100000000000002, 6.174478554065301, 6.293305631237435, 405.26506222962956, 12.499889006822226, 31.80932630746837, 11.363535460747478, 74.29325204102568, 88.19748525897502, 226.59158927897107, 287.5580291456333, 307.3975331665303, 338.13728648318335, 401.42082249464346, 454.3707721283956, 490.37072529785183, 499.80784934123517, 571.1534856180504, 576.6231842513797, 658.9339123173781, 658.9339123173781, 717.9517789085851, 731.7686722205026, 717.9517789085851, 678.0467908524578, 684.5401620716585, 610.5591037054169, 646.492248835849, 671.6150140759587, 684.5401620716585, 745.8514699377035, 738.7765154835546, 711.1414737194339, 704.3957693267863, 684.5401620716585, 697.7140529441696, 646.492248835849, 622.3092382469623, 571.1534856180504, 634.2855026765177, 593.3485776104009, 1.2100000000000002, 2700.558562990961, 2700.558562990961, 2.6185816494710763, 2700.558562990961, 2700.558562990961, 13.490259529030562, 18.831924435909574, 2700.558562990961, 9.944059456107713, 30.041309535781252, 2700.558562990961, 2700.558562990961, 2700.558562990961, 2700.558562990961, 3.291611450853274, 2700.558562990961, 22.570480492698156, 2700.558562990961, 2700.558562990961, 7.123432514374586, 9.663754906194216, 2700.558562990961, 6.475847740340532, 2700.558562990961, 2700.558562990961, 2700.558562990961, 4.257638794510223], "Te_err": [NaN, 1.6874514882729639, 4.967916323369641, 31.393495653944175, 4.681876715177175, 4.52286805154923, 8.624339056111582, 2.9180633530785447, 3.44309794586928, 1.6168178151011539, 13419.046187556074, 1.631010855606915, 1.797826357473477, 10.522309288007051, 1.948559183364877, 2.929747949821986, 6.508629779212288, 2.4346706117694614, 32.37851141886626, 4.807058456872425, 69.69597852238029, 1.151658626731866, 4.162713002104049, 13.030695943553525, 325.11227741158183, 5.377049898891732, 115.77781765456179, 7.188392948084658, 10.562156546127847, 4.19054374622013, 6315.49243481494, 5.564986030655379, 7.399559694716853, 3.59648629193245, 2.928311067330512, 649.5011290757434, 1.7264473160410385, 2.318694081788402, 0.5150075246355964, 2.8883701855557953, 2.712889341454453, 5.821339821723432, 9.837267216529815, 10.571364087057967, 11.403769965054646, 10.69924910514552, 12.07143699091849, 11.80492395041141, 11.039519465806833, 14.048248776137337, 13.977135462024139, 18.07757176135771, 16.126498259355586, 18.77897361729289, 17.46240625375212, 16.991888711855086, 16.629437169288835, 16.999689873271944, 16.069305531070903, 16.85987474162881, 17.468267139205253, 17.439368855380817, 18.97121689853555, 19.555681890249197, 17.138822167887255, 16.949341424249823, 17.73091016615672, 15.410785966308639, 14.066104975364665, 14.948836896539309, 15.819893596092161, 19.909938541820548, 21.486693398979924, 3.7191266830678504, 4313.188683053988, 2684.5965924445645, 1.6739228644100657, 2820.0456092783593, 1909.3649239417446, 4.145074940868645, 8.976132543364274, 4568.559410628622, 3.9732000422820617, 16.681446013852636, 312.0696000160635, 923.5226898068759, 2588.998348834325, 2271.818864552819, 2.3416520760163, 6053.624180120421, 12.33405909943221, 2873.883594508182, 33757.18693983147, 3.7752124589772387, 6.892757363229462, 1410.0404416988858, 7.168780106843585, 5821.478813646598, 3013.0875539629046, 3670.8540028516704, 1.9244601592972974]}