{"timeline": [3.73, 3.73, 6.856999999999999, 9.984, 13.111, 16.238, 19.365, 22.492, 25.619, 28.745, 31.873, 34.998999999999995, 38.126, 41.253, 44.379999999999995, 47.507, 50.634, 53.760999999999996, 56.888, 60.01499999999999, 63.141999999999996, 66.269, 69.39500000000001, 72.522, 75.649, 78.77600000000001, 81.903, 85.03, 88.15700000000001, 91.284, 94.411, 97.53800000000001, 100.665, 103.792, 106.918, 110.045, 113.172, 116.299, 119.426, 122.553, 125.68, 128.807, 131.934, 135.06099999999998, 138.188, 141.314, 144.44199999999998, 147.56799999999998, 150.695, 153.822, 156.94899999999998, 160.076, 163.203, 166.32999999999998, 169.457, 172.584, 175.70999999999998, 178.838, 181.964, 185.09099999999998, 188.218, 191.345, 194.47199999999998, 197.599, 200.726, 203.85299999999998, 206.98, 210.107, 213.23399999999998, 216.361, 219.487, 222.61399999999998, 225.74099999999999, 228.868, 231.99499999999998, 235.12199999999999, 238.249, 241.37599999999998, 244.503, 247.63, 250.75699999999998, 253.88299999999998, 257.01, 260.137, 263.264, 266.391, 269.51800000000003, 272.64500000000004, 275.772, 278.899, 282.026, 285.153, 288.279, 291.406, 294.533, 297.66, 300.78700000000003, 303.91400000000004, 307.041, 310.168, 313.295], "Te": [1.2100000000000002, 8.537592382229507, 3.7974983358324144, 18.653289663386897, 43.566265344981296, 47.018035591647255, 9.84973267580763, 4.381134841085708, 8.785231732903831, 25.792329237065506, 14.98139512770121, 13.10999419149996, 9.214028774694732, 2.5937424601000023, 96.09695335644786, 4.865400255702878, 36.34998453829532, 41.93660395607357, 13.881554751457758, 10.429417544295834, 6.115909044841464, 121.9526753045486, 7.910815721054467, 5.351940281273166, 30.041309535781252, 10.938465401718485, 209.9566512987707, 6.23360895904242, 4.46544923999482, 30.32900262327673, 268.99897105330535, 7.835775765812045, 7.5426668404413295, 7.614899813797298, 6.856969854946662, 8.14027493868399, 4.508212984277619, 21.113776745352606, 28.371562160772058, 83.29531815077425, 171.87194770116267, 242.2248329757585, 298.73256816314415, 316.31383206019666, 341.3754861971416, 390.10551575578893, 425.04558312066257, 437.37435304765944, 509.4265896712679, 646.492248835849, 684.5401620716585, 604.7674977028946, 628.2688341798555, 711.1414737194339, 724.8273035491161, 711.1414737194339, 704.3957693267863, 738.7765154835546, 711.1414737194339, 704.3957693267863, 731.7686722205026, 760.2052893576252, 782.2556210913774, 658.9339123173781, 665.2442474731841, 711.1414737194339, 782.2556210913774, 804.9455394425529, 767.4854582385865, 711.1414737194339, 717.9517789085851, 704.3957693267863, 711.1414737194339, 684.5401620716585, 2.7203400420274986, 2128.0012891559645, 20.913496911029956, 4.865400255702878, 9.663754906194216, 14.420993610649957, 2700.558562990961, 9.302267683964214, 3.552406962694162, 11.363535460747478, 20.71511687950053, 4.55138625909739, 94.28249832095514, 16.637352268080388, 7.835775765812045, 8.95430243255239, 85.71136210995921, 23.447572033695913, 2700.558562990961, 2700.558562990961, 8.61935334239325, 5.201079034080524, 7.614899813797298, 12.499889006822226, 85.71136210995921, 41.538804159586384, 2700.558562990961], "Te_err": [NaN, 3.8334621770768127, 2.5289257372951486, 8.32614702576211, 19.817458346303674, 29.822390809133754, 6.059522486207445, 2.4632139221530713, 4.157900244648676, 9.17073039986798, 5.009810861863165, 5.479986839578844, 4.310117864799216, 2.9894570064834887, 32.639588370733314, 2.0006726778771458, 16.83407133644718, 33.008523005652414, 7.452520798379661, 4.534126234350132, 3.482178630559492, 44.67323538391013, 3.7334305913685224, 2.520768719426389, 12.280999175531637, 6.171795701916652, 96.058386597246, 3.6017998112666922, 1.4336826659482207, 11.064132689946714, 251.4354442464835, 3.7179011575879057, 4.073235030758853, 2.5563714388012437, 2.803765228934972, 3.1713863011153025, 0.3733174524060636, 1.7620759867901719, 1.7877979762047669, 3.7552781668893247, 7.103411799282801, 8.084584225568745, 11.51380124456516, 11.43862324886956, 10.323708201614137, 13.438319475483723, 12.203772376438161, 12.487670067262815, 13.8855870819532, 17.64809053701935, 19.93604118151271, 20.110297744978165, 17.57150057159104, 21.871939175751862, 24.213967681117808, 20.35970732351504, 25.714222679123168, 22.498962103816222, 22.807821296713684, 19.136915255946867, 21.335719822768276, 20.28415208352763, 25.225205918965003, 20.93232970757133, 18.574142139658463, 22.630728610979148, 30.185850395734104, 26.92010258788114, 25.415909108482968, 19.165089197618954, 25.299880817904313, 21.37041458194235, 20.127544148388107, 22.93923682716328, 0.23063993146510992, 1876.9531322520143, 11.222938321108103, 1.9947919013627047, 6.903882755608287, 9.65926550565238, 6674.326488075494, 3.01688077316166, 2.434405127991506, 5.657003245823866, 6.945671011474491, 2.190392023356027, 45.604252131418, 8.504199748260692, 3.0607050622559093, 3.344997306247143, 77.73047916921239, 11.175488962461323, 909.6418339857563, 6174.309751305777, 3.7306251732740257, 2.191047305787891, 3.5340167199110364, 6.76460390345652, 54.370907573503416, 20.457850013088702, 3192.80642042571]}