{"timeline": [0.0, 0.0, 3.127, 6.253, 9.38, 12.507, 15.634, 18.761, 21.888, 25.015, 28.142, 31.269, 34.396, 37.523, 40.65, 43.776, 46.903, 50.03, 53.157, 56.284, 59.411, 62.538, 65.665, 68.792, 71.919, 75.046, 78.172, 81.3, 84.426, 87.553, 90.68, 93.807, 96.934, 100.061, 103.188, 106.315, 109.442, 112.569, 115.696, 118.822, 121.949, 125.076, 128.203, 131.33, 134.457, 137.584, 140.711, 143.838, 146.965, 150.092, 153.219, 156.346, 159.473, 162.599, 165.726, 168.853, 171.98, 175.107, 178.234, 181.361, 184.488, 187.615, 190.742, 193.868, 196.995, 200.122, 203.249, 206.376, 209.503, 212.63, 215.757, 218.884, 222.011, 225.138, 228.265, 231.392, 234.518, 237.645, 240.772, 243.899, 247.026, 250.153, 253.28, 256.407, 259.534, 262.661, 265.787, 268.914, 272.041, 275.168, 278.295, 281.422, 284.549, 287.676, 290.803, 293.93, 297.056, 300.183, 303.31, 306.437, 309.564], "Te": [1.2100000000000002, 7.4711190504190155, 1.2100000000000002, 6.115909044841464, 8.95430243255239, 10.039289564627412, 6.353573993555228, 8.14027493868399, 9.04005405100701, 5.301173157713708, 19.940236914970317, 5.403193580393733, 4.9119941639943026, 8.296933524485462, 7.330053084138939, 9.481288676632575, 2.5447687007546542, 71.51420170588835, 14.698523851570998, 19.563735246441006, 45.69268457554503, 7.400249944258173, 9.481288676632575, 3.168483795860003, 4.959034282705381, 38.857880654253925, 4.9119941639943026, 30.041309535781252, 992.7283064870837, 5.507177373507842, 10.630130396813637, 7.123432514374586, 12.263872299118692, 5.151742941357371, 3.04996191516619, 27.310281396164772, 13.36229441051909, 37.76254923598762, 140.69554940917536, 170.2416147851022, 176.85722406741758, 222.31319921760772, 555.0537306412881, 316.31383206019666, 198.28690145133865, 301.5934053303106, 233.1640504044406, 104.70394271759118, 178.55091191338968, 29.19450086720805, 17.785213860400912, 2700.558562990961, 2700.558562990961, 7.614899813797298, 157.74353966849787, 22.570480492698156, 2700.558562990961, 4.508212984277619, 15.269710226603536, 3.982849855532462, 2700.558562990961, 2700.558562990961, 16.1683762367281, 5.613162321877546, 2700.558562990961, 2700.558562990961, 1827.0212156176924, 11.805123792536607, 2700.558562990961, 6.353573993555228, 2700.558562990961, 15.863092971714952, 2700.558562990961, 31.507591251745726, 2700.558562990961, 2700.558562990961, 2700.558562990961, 8.61935334239325, 1.2100000000000002, 2700.558562990961, 2700.558562990961, 6.475847740340532, 8.218230955460918, 12.14754037319917, 2700.558562990961, 2700.558562990961, 10.330486782497706, 2700.558562990961, 43.98348129133734, 9.39135162045246, 4.0594993090862, 15.124865698254895, 5.721186937488577, 10.135431652164206, 10.039289564627412, 8.869364231808119, 14.284199788969298, 4.381134841085708, 10.731930720487824, 12.38131828735637, 4.683402673961246], "Te_err": [NaN, 2.975893238168064, 6.196931403503097, 2.1188625526201736, 5.52299116848574, 3.6769414872817934, 3.2978900048193434, 3.438053083803656, 3.8051956117556123, 1.787748967422216, 8.935899480240558, 2.5843290336081304, 1.9448624728995492, 6.19144513166399, 3.399885177967198, 5.537008887254068, 6.940616996479802, 54.07687355182339, 6.216999484194633, 7.329744981578246, 16.854670625258592, 3.2366582753668425, 3.821022692564621, 1.6770068272886234, 1.7045532278521194, 25.926728487859318, 2.203896957967189, 13.060651837884826, 910.0606270783626, 1.9272369604340251, 5.292893136125203, 2.247150304496121, 5.6935534825641305, 2.8951438155279594, 1.4664837477533041, 28.81404548699529, 1.70655255058562, 7.069117764576246, 23.25097226551078, 15.02141212441977, 14.531956786502116, 12.13562759833378, 21.95991318033931, 10.761859949356941, 9.39746461613919, 10.60952066934336, 6.270408949693819, 4.346520342785791, 170.17363571540042, 16.822428384297563, 7.902511406726225, 2729.4906659630446, 602.4372558255694, 2.3427514499583104, 2.036171449962604, 19.3558547202712, 3348.3116864477793, 10.186652986710916, 5.468232687047871, 1.5635605148835394, 873.9431476966861, 1658.4068683398737, 9.019058968162458, 1.8490275620743113, 2369.7719365794283, 2792.3503839651057, 1752.957390879048, 8.132640953367648, 2367.877199701729, 3.560526764607345, 1334.101839861034, 15.023674053075515, 325.65485933207674, 13.807880977377918, 2390.405481198667, 539.7809312446149, 3557.6983495931286, 4.021614668016717, 9.693631141750242, 3165.542673949393, 1581.738417639018, 2.1338394950245694, 3.178945934237021, 5.235356620959522, 1898.8557260719283, 2722.2784309533376, 4.96114017576005, 3752.666711910386, 22.627610984445163, 4.330893177694617, 1.5298328803765824, 8.198763201120396, 2.2213791381072063, 10.104852162790856, 6.094292430324628, 3.7376522736698345, 6.854756580547878, 2.358032427435256, 2.874034911837272, 5.433740537095642, 1.6555482635956422]}