{"timeline": [3.73, 3.73, 6.856999999999999, 9.984, 13.111, 16.237, 19.364, 22.491, 25.618000000000002, 28.745, 31.872, 34.998999999999995, 38.126, 41.253, 44.379999999999995, 47.506, 50.634, 53.76, 56.888, 60.013999999999996, 63.141, 66.268, 69.39500000000001, 72.522, 75.649, 78.77600000000001, 81.903, 85.03, 88.156, 91.283, 94.41000000000001, 97.537, 100.664, 103.79100000000001, 106.918, 110.045, 113.172, 116.299, 119.425, 122.553, 125.679, 128.807, 131.933, 135.06, 138.18699999999998, 141.314, 144.441, 147.56799999999998, 150.695, 153.822, 156.94899999999998, 160.076, 163.203, 166.32999999999998, 169.456, 172.583, 175.70999999999998, 178.837, 181.964, 185.09099999999998, 188.218, 191.345, 194.47199999999998, 197.59799999999998, 200.725, 203.852, 206.97899999999998, 210.106, 213.23299999999998, 216.35999999999999, 219.487, 222.61399999999998, 225.74099999999999, 228.868, 231.99499999999998, 235.12099999999998, 238.249, 241.375, 244.50199999999998, 247.629, 250.756, 253.88299999999998, 257.01, 260.137, 263.264, 266.391, 266.391, 272.64500000000004, 275.771, 278.898, 282.02500000000003, 285.15200000000004, 288.279, 291.406, 294.533, 297.66, 300.78700000000003, 303.91400000000004, 307.041, 310.168, 313.29400000000004], "Te": [1.2100000000000002, 9.39135162045246, 19.75108897645365, 48.845162014813425, 138.03900579171045, 4.865400255702878, 13.881554751457758, 7.761447620208642, 21.315974576087193, 6.115909044841464, 6.791926409471832, 205.99235388997369, 74.29325204102568, 8.456606985422011, 27.835864388580877, 23.004846602132954, 7.5426668404413295, 26.5404553338255, 8.14027493868399, 6.66368462194449, 7.400249944258173, 4.339576527255807, 6.174478554065301, 4.55138625909739, 23.22515441988787, 6.600474630280863, 26.794622201266154, 5.83129047348508, 50.74329078684903, 34.99025893821521, 32.42149286353205, 6.66368462194449, 1.2100000000000002, 28.10243684806433, 19.75108897645365, 84.09300265997229, 4.020991946861881, 19.01226991911814, 26.794622201266154, 87.36086668767986, 202.10290837964337, 271.5750619664947, 284.8303279328168, 293.0920479006678, 364.92802044967584, 371.9510151315017, 429.1160673313679, 437.37435304765944, 549.7886342753587, 576.6231842513797, 697.7140529441696, 628.2688341798555, 646.492248835849, 704.3957693267863, 731.7686722205026, 774.835346259465, 852.3188808854115, 877.0410372944306, 1011.8332401349994, 1081.6426963194726, 937.5507689739528, 919.8484001227267, 1031.3058458713483, 973.9841027254892, 902.4802786246215, 946.5293015205667, 983.3115421086113, 937.5507689739528, 1041.1822316726234, 955.5938177273271, 973.9841027254892, 911.1229557173777, 877.0410372944306, 767.4854582385865, 218.11559159647254, 41.144777789250995, 8.296933524485462, 2700.558562990961, 2700.558562990961, 26.288699427659807, 16.79668124926389, 9.214028774694732, 7.123432514374586, 19.563735246441006, 6.115909044841464, 20.323984311609312, 2700.558562990961, 15.415941870567679, 7.6878245322018275, 8.61935334239325, 1.2100000000000002, 8.701897293159915, 5.943512938433107, 8.376389795177028, 2700.558562990961, 1.2100000000000002, 2700.558562990961, 21.315974576087193, 7.330053084138939, 2700.558562990961, 9.302267683964214], "Te_err": [NaN, 5.11481512176757, 6.718949699743316, 21.979229323227507, 58.26624181169183, 1.9269465649816495, 3.3796498462723688, 3.278187208148251, 6.729555108133895, 2.5178342753977145, 2.8640645547677175, 98.72040679758406, 40.57307900870547, 3.2540759462414304, 11.621915639433098, 13.108817395535889, 5.1959412098367075, 26.49009265993874, 3.294000938036859, 4.337570131186941, 3.144769970514558, 1.9234162091198652, 2.3922450885373903, 2.3871700963876137, 12.560895485674559, 2.9085771850923576, 10.030460292164653, 2.0557027041000917, 23.699565524591844, 12.452219142776574, 11.856594669592841, 2.8154923580368054, 30.093937023402137, 20.792628347604673, 7.520777673966702, 22.12684912689943, 0.35510824171795563, 1.5950247613773545, 1.57127837302662, 4.134345605706618, 9.609466338444546, 9.997136683035606, 12.445218312958986, 10.028691254769791, 11.466542627208673, 11.371221240278246, 13.965465033106057, 15.72369470183727, 14.30722113815689, 16.140238319582917, 24.481116713212547, 24.145009544056133, 20.496710159277193, 23.959445265137663, 27.262835064518764, 33.51802124625994, 32.16034214117999, 42.96416339978209, 46.25647864956831, 55.050543646285284, 47.86171581687356, 42.58645362930235, 54.345941640973294, 45.923715234138825, 42.127656702096154, 47.12452674086123, 50.134187879141294, 50.8305937332021, 63.39706433154055, 80.30555150270601, 50.89836090865746, 47.03868983195865, 44.122331071828434, 43.61845543443439, 134.39139039011644, 19.09606853927596, 4.4639621949703, 1011.4533841227158, 1180.7431684824062, 11.763274301530437, 9.137180239858125, 5.29683384814163, 2.4775978388693907, 7.97303225242383, 2.026955394763445, 12.00702401373888, 8876.968905250395, 7.458877546012384, 2.533514949045277, 4.8547118249959835, 8.330230793856794, 3.7271484587281005, 8.769978265061528, 4.5080642466387575, 2390.7154459702874, 4.011872418569523, 4394.916868395188, 7.748081968886932, 2.815983136433509, 3261.818935926557, 3.1466795497222977]}