{"timeline": [0.0, 0.0, 3.127, 6.253, 9.38, 12.507, 15.634, 18.761, 21.888, 25.015, 28.142, 31.269, 34.396, 37.523, 40.65, 43.777, 46.903, 50.03, 53.157, 56.284, 59.411, 62.538, 65.665, 68.792, 71.919, 75.046, 78.172, 81.299, 84.426, 87.553, 90.68, 93.807, 96.934, 100.061, 103.188, 106.315, 109.442, 112.569, 115.696, 118.822, 121.949, 125.076, 128.203, 131.33, 134.457, 137.584, 140.711, 143.838, 146.964, 150.091, 153.219, 156.345, 159.472, 162.599, 165.726, 168.853, 171.98, 175.107, 178.234, 181.36, 184.487, 187.614, 190.741, 193.868, 196.995, 200.122, 203.249, 206.376, 209.503, 212.63, 215.757, 218.884, 222.011, 225.137, 228.264, 231.391, 234.518, 237.645, 240.772, 243.899, 247.026, 250.153, 253.279, 256.406, 259.533, 262.66, 265.787, 268.914, 272.041, 275.168, 278.295, 281.422, 284.549, 287.676, 290.803, 293.929, 297.056, 300.183, 303.31, 306.437, 309.564], "Te": [1.2100000000000002, 8.14027493868399, 38.857880654253925, 15.563573913974851, 120.79586371656139, 29.7563454306272, 11.363535460747478, 450.0607283091169, 463.1150815193344, 24.827528541967972, 9.663754906194216, 11.472359298725419, 58.54201359877002, 973.9841027254892, 24.358747455696502, 2408.698140856702, 16.95753605762445, 178.55091191338968, 185.48942146471865, 5.7759763577774805, 1.2100000000000002, 104.70394271759118, 187.26577626361242, 1.2100000000000002, 29.47408442139277, 5.887134309400483, 34.99025893821521, 163.87347227383358, 12.263872299118692, 298.73256816314415, 2.7726926501510816, 27.835864388580877, 21.113776745352606, 143.4032178804526, 4.6389771255186325, 358.0376304719495, 8.701897293159915, 53.2200123625182, 150.40256376909076, 218.11559159647254, 224.4421999723096, 301.5934053303106, 463.1150815193344, 472.02767406450437, 504.5943005829891, 524.2028947739815, 534.291114740371, 565.7356711336021, 678.0467908524578, 789.7469567994436, 820.4366169314741, 919.8484001227267, 877.0410372944306, 868.7216524793881, 893.9195837351011, 828.293596106707, 634.2855026765177, 724.8273035491161, 571.1534856180504, 599.0308293794346, 774.835346259465, 738.7765154835546, 717.9517789085851, 767.4854582385865, 684.5401620716585, 717.9517789085851, 731.7686722205026, 724.8273035491161, 752.9941782788245, 760.2052893576252, 684.5401620716585, 738.7765154835546, 341.3754861971416, 176.85722406741758, 83.29531815077425, 36.34998453829532, 13.74987790750445, 2274.818577680714, 2700.558562990961, 2700.558562990961, 2385.8498522533723, 2700.558562990961, 50.26195303309954, 2700.558562990961, 41.144777789250995, 2700.558562990961, 2700.558562990961, 120.79586371656139, 2700.558562990961, 37.76254923598762, 2700.558562990961, 38.48928483203674, 2700.558562990961, 2700.558562990961, 2700.558562990961, 99.83129232773666, 1.2100000000000002, 2700.558562990961, 2700.558562990961, 2700.558562990961, 80.94737797933716], "Te_err": [NaN, 3.546020511457704, 17.45289980222258, 7.03827602388398, 72.50801202557568, 16.997041657997855, 7.487155490775414, 205.2338022782887, 200.39970969203222, 16.237011693065245, 3.5608610801031464, 6.81227014476136, 65.43441368877816, 724.3182920756433, 17.07580943645944, 4543.187260553092, 7.340530227720671, 178.51027535803962, 225.47681535051683, 28.20601335562853, 7.45684770898169, 67.18951433238793, 138.51221784327862, 9.321992695356483, 26.00746024304186, 31.970719305862172, 26.609265770774627, 132.8360926704736, 8.3925042117493, 123.65270794616593, 2.822730783935464, 16.414335368489173, 31.666008892127596, 171.12517174001516, 26.868984613667923, 178.40963391667373, 0.8317735135342945, 10.627859711275818, 13.232223823165128, 15.627162694280885, 12.292093738464581, 9.718745183265218, 13.985882297354333, 12.658842338780092, 15.475143932455536, 14.426291348629352, 17.553507704239284, 20.647702407705165, 19.011760891796477, 22.721299800640498, 24.45201570304435, 27.808508572826877, 25.406525424379407, 23.772173256447815, 24.18494645317457, 22.014250353985954, 14.44553085379018, 26.35280286554314, 13.542271447831107, 17.99679031769053, 23.87329534660373, 21.798580647812287, 19.2763021171486, 23.285838200111463, 18.682015791237582, 20.65906014445732, 20.59860196703128, 20.84830687297258, 21.544165222687454, 22.352937725295146, 20.12871788112375, 20.851537845694246, 10.86907227924073, 329.9723379522949, 58.29701362220074, 28.300946049264613, 5.5283447747528776, 1527.553718477004, 7690.409171519073, 3997.8161214333218, 2481.2429779610025, 3937.0656820892445, 20.00882157469107, 3609.680743090408, 22.78646854450841, 12826.640881911724, 1869.8803215177477, 175.91843280281336, 2805.4414507228244, 23.020343668736714, 6055.410397724108, 30.259806277161513, 2074.267843832143, 5321.232990186167, 3691.4227465647427, 109.59685566731453, 22.35846444753945, 32945.292510182546, 10287.711244282289, 1536.6936937735773, 57.9309191091556]}