{"timeline": [0.0, 0.0, 3.127, 6.254, 9.381, 12.508, 15.635, 18.762, 21.889, 25.016, 28.143, 31.27, 34.396, 37.523, 40.65, 43.777, 46.904, 50.031, 53.158, 56.285, 59.412, 62.539, 65.666, 68.792, 71.919, 75.046, 78.173, 81.3, 84.427, 87.554, 90.681, 93.808, 96.935, 100.062, 103.189, 106.315, 109.442, 112.569, 115.696, 118.823, 121.95, 125.077, 128.204, 131.331, 134.458, 137.584, 140.711, 143.838, 146.965, 150.092, 153.219, 156.346, 159.473, 162.6, 165.727, 168.854, 171.981, 175.107, 178.235, 181.362, 184.488, 187.615, 190.742, 193.869, 196.996, 200.123, 203.25, 206.377, 209.504, 212.631, 215.757, 218.884, 222.011, 222.011, 228.265, 231.392, 234.519, 237.646, 240.773, 243.9, 247.026, 250.154, 253.28, 256.407, 259.534, 262.661, 265.788, 268.915, 272.042, 275.169, 278.296, 281.423, 284.55, 287.677, 290.803, 293.931, 297.057, 300.184, 303.311, 306.438, 309.565], "Te": [1.2100000000000002, 7.0558614729169475, 8.95430243255239, 27.571820566615205, 2700.558562990961, 14.148703558158955, 11.043218521090154, 10.834705943388395, 11.58222529719585, 14.284199788969298, 18.12748810451847, 5.666917235493108, 20.71511687950053, 13.10999419149996, 25.06529142419564, 2700.558562990961, 8.869364231808119, 88.19748525897502, 5.943512938433107, 13.235543136079368, 3.7257958547748906, 12.499889006822226, 51.22923811144091, 6.23360895904242, 3.7974983358324144, 5.454937710975919, 3.5187097475291096, 37.049535501201156, 8.456606985422011, 175.17960210701767, 5.351940281273166, 282.12850098937315, 30.619450827438968, 6.115909044841464, 11.043218521090154, 31.80932630746837, 4.55138625909739, 21.93426060646735, 48.38182942047108, 115.17433698935031, 160.77929460674324, 246.88641996954055, 256.4804554448847, 287.5580291456333, 313.3133607260985, 322.4012526907346, 331.75274586334166, 433.225532871059, 485.719195218519, 529.222967187668, 565.7356711336021, 529.222967187668, 539.4077978276371, 555.0537306412881, 571.1534856180504, 691.0957175978411, 593.3485776104009, 571.1534856180504, 616.4061735022343, 610.5591037054169, 622.3092382469623, 622.3092382469623, 628.2688341798555, 593.3485776104009, 604.7674977028946, 634.2855026765177, 616.4061735022343, 604.7674977028946, 576.6231842513797, 576.6231842513797, 582.1452639064349, 524.2028947739815, 450.0607283091169, 211.96731854949144, 1.2100000000000002, 12.740447826915435, 8.063058392552833, 7.0558614729169475, 12.14754037319917, 3.2603880745723566, 2700.558562990961, 1.2100000000000002, 2700.558562990961, 4.728253667345931, 2700.558562990961, 2700.558562990961, 6.791926409471832, 28.371562160772058, 2700.558562990961, 1.2100000000000002, 11.363535460747478, 15.124865698254895, 2.380528772246433, 62.581005372482515, 30.912680532870763, 49.31293175209875, 5.666917235493108, 3.982849855532462, 17.616507914121645, 12.499889006822226, 8.456606985422011], "Te_err": [NaN, 6.502461820913743, 7.085843777456707, 16.04001551871559, 6356.567612388616, 9.256060771598637, 7.501171536796366, 4.207295124370137, 4.589736711643315, 6.02345442932238, 8.772325922236744, 2.410914909946879, 7.6674232841394, 6.04893833943848, 8.716234488863545, 4356.331571492972, 3.5238924194196133, 26.083334962599857, 3.3321325476298282, 5.090509469994515, 1.8597294550190726, 10.20780179685488, 42.85004868602913, 3.8395560276416667, 1.4765661950408178, 2.1506115893208673, 1.1696372555755692, 17.632892967811504, 3.483676875010828, 57.96019788940637, 1.7101525750192488, 124.00728913445863, 15.007850794953104, 1.8854546558762677, 5.003174930418337, 35.736934455282416, 0.3925267182468564, 2.0938739744488117, 2.87733740789594, 4.114508843475282, 5.228272206096363, 6.858906305407289, 8.92555303172354, 10.311663700953106, 11.514884282742699, 10.351568439346288, 8.258245589808245, 11.385410026100617, 9.271191724850693, 10.867230890714845, 13.821315391500603, 14.46028143846735, 12.844562142049972, 14.338196719325005, 13.00401677702147, 14.777025166564668, 14.487487595497162, 11.74598415894821, 13.64563489269885, 15.40888606593617, 12.644311646346953, 15.197316973671802, 14.995093540476255, 11.949581572138152, 12.385377116081452, 13.125243264521366, 12.831510509468753, 13.48661477264198, 12.184734874456305, 10.834147089019377, 13.048764174357228, 11.825294780938806, 11.973937252412087, 6.943102695943048, 10.23882232114406, 10.955305183651841, 4.000415417983849, 3.2220281748784974, 5.192510151543151, 4.622495587658304, 3266.4926015928245, 2.6605341453054545, 5003.463589376912, 4.987596193976793, 2192.0597265411147, 3016.4422037415347, 5.954551088107447, 12.091725773017297, 3561.996965537868, 10.64799853342053, 8.15354769436587, 5.751236945079497, 2.60408906942204, 99.48696066301672, 18.36239143237121, 26.867457115865637, 1.9376977203728054, 2.068501613552421, 9.69042797393978, 5.60943731116782, 3.1956354090203947]}