{"timeline": [0.0, 0.0, 3.127, 6.254, 9.381, 12.508, 15.635, 18.762, 21.889, 25.015, 28.142, 31.269, 34.396, 37.523, 40.65, 43.777, 46.904, 50.031, 53.158, 56.285, 59.412, 62.538, 65.665, 68.792, 71.919, 75.046, 78.173, 81.3, 84.427, 87.554, 90.681, 93.808, 96.935, 100.062, 103.188, 106.315, 109.442, 112.569, 115.696, 118.823, 121.95, 125.077, 128.204, 131.331, 134.458, 137.584, 140.711, 143.838, 146.965, 150.092, 153.219, 156.346, 159.473, 162.6, 165.727, 168.853, 171.981, 175.107, 178.234, 181.361, 184.488, 187.615, 190.742, 193.869, 196.996, 200.676, 200.676, 203.25, 206.377, 209.503, 212.631, 215.757, 218.884, 222.011, 225.138, 228.265, 231.392, 234.519, 237.646, 240.773, 243.9, 247.026, 250.153, 253.28, 256.407, 259.534, 262.661, 265.788, 268.915, 272.042, 275.169, 278.296, 281.422, 284.55, 287.677, 290.804, 293.93, 297.057, 300.184, 303.311, 306.438, 309.565], "Te": [1.2100000000000002, 3.229460875176511, 27.571820566615205, 8.376389795177028, 14.148703558158955, 6.791926409471832, 20.13119624437727, 3.9076476589635787, 13.10999419149996, 8.61935334239325, 13.881554751457758, 1.2100000000000002, 1844.5178355241856, 8.537592382229507, 6.600474630280863, 9.944059456107713, 26.288699427659807, 11.918176537727234, 15.124865698254895, 7.5426668404413295, 8.296933524485462, 25.30533126234625, 51.22923811144091, 28.643264774314293, 7.330053084138939, 12.38131828735637, 5.7759763577774805, 8.869364231808119, 16.1683762367281, 27.571820566615205, 29.47408442139277, 70.83583645451174, 9.214028774694732, 307.3975331665303, 12.740447826915435, 5.7759763577774805, 2.9080245847348007, 16.95753605762445, 34.3295902145342, 121.9526753045486, 127.90504491743212, 228.76156239024755, 290.31185241490505, 364.92802044967584, 368.42278384511775, 417.0200831264372, 476.54808615816495, 539.4077978276371, 544.5734812540314, 544.5734812540314, 640.3597902970785, 646.492248835849, 711.1414737194339, 691.0957175978411, 752.9941782788245, 828.293596106707, 789.7469567994436, 760.2052893576252, 731.7686722205026, 678.0467908524578, 671.6150140759587, 731.7686722205026, 724.8273035491161, 767.4854582385865, 789.7469567994436, 767.4854582385865, 1.3310000000000004, 804.9455394425529, 731.7686722205026, 717.9517789085851, 704.3957693267863, 622.3092382469623, 604.7674977028946, 604.7674977028946, 7.835775765812045, 8.456606985422011, 13.490259529030562, 6.856969854946662, 72.89048368510332, 13.36229441051909, 8.785231732903831, 10.039289564627412, 104.70394271759118, 2700.558562990961, 8.785231732903831, 10.232494452360635, 12.61959522859796, 23.004846602132954, 8.537592382229507, 7.835775765812045, 10.330486782497706, 8.701897293159915, 2700.558562990961, 2700.558562990961, 2700.558562990961, 7.835775765812045, 2700.558562990961, 2700.558562990961, 2700.558562990961, 3.5187097475291096, 2700.558562990961, 2478.56425964843], "Te_err": [NaN, 1.1117869304065495, 24.371863040487973, 3.175826845392802, 6.846145823880369, 3.08252364694292, 4.3383657417713595, 3.5948979419500806, 6.0358593686977, 3.479786900677778, 3.294942315751487, 3.967524505875745, 2720.2964783348766, 3.631502494958562, 3.523119537226177, 4.055727531011066, 11.365765503978203, 5.888862734271767, 7.008566150999134, 2.9388154220684717, 2.5466563130401094, 14.70089767439117, 23.95089580977344, 9.766823511735641, 3.2559085672495223, 7.386810323185914, 1.7286718846952869, 5.396955825813959, 9.949273463776565, 10.13599539066344, 13.665180024509663, 156.05170432107911, 3.4975635416673105, 160.75529043110274, 5.702412776060769, 2.787047340371265, 0.4202193632430012, 1.3412468590823625, 1.6401024458537188, 4.6176827277090275, 3.579543396991147, 7.346634376064933, 7.135341708667526, 9.825490321864814, 9.554648863818795, 9.704549112198709, 11.525090192404578, 13.634218578378977, 12.735152272429659, 14.34723811150197, 17.16864884611592, 16.530726708215187, 17.953789052100646, 16.979954147005348, 19.96720411842577, 21.405515145323175, 21.351204797226043, 19.85631668389254, 19.275076371252005, 18.40274562548491, 15.504945246280718, 19.020972118110663, 21.313165860858025, 18.744359305402643, 19.50474261206368, 18.964567587748643, 0.44048976106541643, 20.194587985520172, 17.03836977373732, 17.70849053907949, 17.86156576254934, 15.922237231603416, 21.965993357698096, 17.246778528103015, 3.3057386109288114, 5.6410140577387855, 6.459221726508739, 2.764721841040182, 25.869695778714952, 9.181891898334582, 3.1763484027665356, 5.0085590758002825, 42.82304114100601, 4163.803547843834, 3.5500900105030317, 3.88093855515834, 6.41017429187762, 7.041543101002654, 4.5667319812776554, 5.098772793379994, 4.838919425853836, 5.949565874579591, 3749.607790840606, 3747.480605581337, 8172.250716526351, 4.4703766576973365, 4209.032007444185, 452.1712325319882, 2767.560898375258, 1.9178352640360041, 2014.0195047734126, 142.6302876058688]}