{"timeline": [0.0, 0.0, 3.127, 6.254, 9.381, 12.507, 15.634, 18.761, 21.888, 25.015, 28.142, 31.269, 34.396, 37.523, 40.65, 43.777, 46.903, 50.03, 53.157, 56.284, 59.411, 62.538, 65.665, 68.792, 71.919, 75.046, 78.173, 81.3, 84.426, 87.553, 90.68, 93.807, 96.934, 100.061, 103.188, 106.315, 109.442, 109.442, 115.696, 118.822, 121.95, 125.077, 128.203, 131.33, 134.457, 137.584, 140.711, 143.838, 146.965, 150.092, 153.219, 156.346, 159.472, 162.599, 165.726, 168.853, 171.98, 175.107, 178.234, 181.361, 184.488, 187.615, 190.742, 193.869, 196.996, 200.122, 203.249, 206.376, 209.503, 212.63, 215.757, 218.884, 222.011, 225.138, 228.265, 231.391, 234.519, 237.645, 240.772, 243.899, 247.026, 250.153, 253.28, 256.407, 259.534, 262.661, 265.788, 268.915, 272.041, 275.168, 278.295, 281.422, 284.549, 287.676, 290.803, 293.93, 297.057, 300.184, 303.311, 306.437, 309.564], "Te": [1.2100000000000002, 8.95430243255239, 14.284199788969298, 8.537592382229507, 8.063058392552833, 8.456606985422011, 176.85722406741758, 25.792329237065506, 16.637352268080388, 14.559097449687306, 6.23360895904242, 13.881554751457758, 6.115909044841464, 10.834705943388395, 19.194342495775096, 81.72257724512826, 13.61945011609201, 21.113776745352606, 7.0558614729169475, 1.2100000000000002, 10.630130396813637, 3.5864268820295924, 24.827528541967972, 3.945069570232552, 36.34998453829532, 25.30533126234625, 22.356382742770244, 7.0558614729169475, 26.794622201266154, 49.31293175209875, 5.887134309400483, 5.351940281273166, 3.6207725959386017, 36.00517797105892, 11.043218521090154, 202.10290837964337, 4.257638794510223, 19.37815870553381, 26.794622201266154, 110.86606845868054, 198.28690145133865, 254.0475480715126, 304.48163954141955, 293.0920479006678, 287.5580291456333, 331.75274586334166, 325.48875497449956, 405.26506222962956, 514.3051555760018, 544.5734812540314, 534.291114740371, 571.1534856180504, 519.2304414709548, 565.7356711336021, 616.4061735022343, 576.6231842513797, 582.1452639064349, 565.7356711336021, 599.0308293794346, 587.7202262144081, 582.1452639064349, 587.7202262144081, 576.6231842513797, 599.0308293794346, 616.4061735022343, 587.7202262144081, 467.5501414327289, 514.3051555760018, 454.3707721283956, 268.99897105330535, 22.570480492698156, 11.363535460747478, 15.124865698254895, 3.04996191516619, 2700.558562990961, 1.2100000000000002, 582.1452639064349, 12.985636171790269, 15.124865698254895, 7.614899813797298, 32.42149286353205, 36.00517797105892, 5.454937710975919, 44.40469274073947, 2700.558562990961, 30.619450827438968, 39.984982992124856, 20.13119624437727, 7.910815721054467, 2700.558562990961, 29.47408442139277, 5.454937710975919, 5.151742941357371, 55.817619865533935, 5.721186937488577, 2700.558562990961, 18.831924435909574, 11.472359298725419, 9.75630065498893, 17.44940226888645, 7.0558614729169475], "Te_err": [NaN, 5.227114392235837, 7.8514015264882655, 3.583850203597276, 3.055387054657835, 3.769514073906495, 89.91115268845317, 9.380362613071478, 6.265707015956797, 3.7594074142729927, 2.364777861603955, 25.379164622804595, 2.552541956689495, 10.871928340266097, 8.227644712764901, 30.428337041034524, 8.392376704058872, 8.913178047589895, 5.794233063786206, 5.727340788177125, 4.895941306303495, 1.6343584373915416, 8.537640577172098, 12.071111526245236, 14.136037623285347, 8.711550084056196, 8.05459831995715, 2.294844230642987, 15.147446015302494, 26.747103007005155, 2.3985643476988527, 1.4333622371401809, 1.7690768395221375, 16.296502176883237, 4.4654328162578265, 65.6165615204622, 0.4363635992505679, 1.6900881700848247, 1.5690087325369668, 5.21020449287854, 7.941796260456022, 8.607090940271505, 11.173053773520873, 11.091320854359841, 10.884054204390642, 11.228356886712412, 12.919711830527136, 11.955096358105623, 13.780958041876954, 13.094964362317219, 14.867971934398946, 20.913411187814496, 14.495809310349308, 17.435912615984282, 15.564030389546103, 15.923847358588342, 16.630092723812332, 15.76751079687284, 18.177709612918708, 15.22502171743659, 12.401015470288893, 15.31383924886387, 12.950578860492493, 14.499437614801181, 14.257776430230955, 14.136629298733569, 10.696708626716479, 15.716446193204813, 11.718794662197627, 15.916363757043653, 48.5746221803103, 9.388593738739043, 6.847596420222865, 0.9643862717243488, 1401.7455224121786, 65.85456198564451, 407.3811969822278, 6.301365122823723, 9.764714271873265, 3.3131071519767996, 10.944402201480452, 16.951424150843575, 2.8996311925516793, 18.770392603580348, 1847.0845380874548, 10.960516345946914, 14.417863063610284, 8.668415832217686, 2.924226792058451, 1186.3528587742076, 14.838822682430227, 2.4296699260218797, 1.9851217743972143, 44.550945951963556, 1.7122786813184778, 2184.1067237257016, 5.30535993853684, 8.435556092775515, 5.910605592256295, 8.466844939580653, 3.7844033309497376]}