{"timeline": [3.73, 3.73, 6.856999999999999, 9.984, 13.111, 16.238, 19.365, 22.491, 25.618000000000002, 28.745, 31.872, 34.998999999999995, 38.126, 41.253, 44.379999999999995, 47.507, 50.634, 53.760999999999996, 56.888, 60.013999999999996, 63.141, 66.268, 69.39500000000001, 72.522, 75.649, 78.77600000000001, 81.903, 85.03, 88.15700000000001, 91.284, 94.41000000000001, 97.537, 100.664, 103.79100000000001, 106.918, 110.045, 113.172, 116.299, 119.426, 122.553, 125.68, 128.807, 131.933, 135.06, 138.18699999999998, 141.314, 144.441, 147.56799999999998, 150.695, 153.822, 156.94899999999998, 160.076, 163.203, 166.32899999999998, 169.456, 172.583, 175.70999999999998, 178.837, 181.964, 185.09099999999998, 188.218, 191.345, 194.47199999999998, 197.599, 200.726, 203.852, 206.97899999999998, 210.106, 213.23299999999998, 216.35999999999999, 219.487, 222.61399999999998, 225.74099999999999, 228.868, 231.99499999999998, 235.12199999999999, 238.249, 241.37599999999998, 244.50199999999998, 247.629, 250.756, 253.88299999999998, 257.01, 260.137, 263.264, 266.391, 269.51800000000003, 272.64500000000004, 275.771, 278.899, 282.02500000000003, 285.15200000000004, 288.279, 291.406, 294.533, 297.66, 300.78700000000003, 303.91400000000004, 307.041, 310.168, 313.295], "Te": [1.2100000000000002, 48.38182942047108, 43.566265344981296, 12.38131828735637, 7.835775765812045, 9.39135162045246, 22.144315868815, 9.663754906194216, 31.20871837684927, 5.054470284992945, 6.856969854946662, 3.1988270432082815, 13.10999419149996, 29.47408442139277, 9.572087022475907, 32.42149286353205, 745.8514699377035, 12.499889006822226, 150.40256376909076, 6.988931392910752, 10.039289564627412, 28.371562160772058, 8.537592382229507, 44.829937956453406, 36.00517797105892, 6.4144195208335875, 2.31342609159514, 9.944059456107713, 52.71518106742738, 34.99025893821521, 13.490259529030562, 7.6878245322018275, 11.693143436495003, 23.22515441988787, 5.507177373507842, 126.69177068828535, 3.2603880745723566, 21.93426060646735, 31.20871837684927, 114.08182296835574, 190.86968299888244, 304.48163954141955, 298.73256816314415, 328.6058249794586, 401.42082249464346, 397.61304822514495, 445.79156845259257, 499.80784934123517, 514.3051555760018, 565.7356711336021, 599.0308293794346, 717.9517789085851, 697.7140529441696, 789.7469567994436, 767.4854582385865, 820.4366169314741, 885.4400933868083, 928.6574044686898, 1167.3416206388874, 983.3115421086113, 885.4400933868083, 1041.1822316726234, 1145.300454839886, 1081.6426963194726, 1123.6754594071149, 983.3115421086113, 1102.4587764180274, 1011.8332401349994, 885.4400933868083, 955.5938177273271, 983.3115421086113, 919.8484001227267, 852.3188808854115, 782.2556210913774, 8.95430243255239, 22.144315868815, 11.043218521090154, 6.293305631237435, 6.791926409471832, 1614.1098945536341, 9.944059456107713, 6.23360895904242, 8.063058392552833, 2700.558562990961, 7.5426668404413295, 11.2557438975967, 9.04005405100701, 10.232494452360635, 23.672119648193625, 11.2557438975967, 2700.558562990961, 20.71511687950053, 5.151742941357371, 4.46544923999482, 84.89832626090251, 42.33821331524042, 290.31185241490505, 2700.558562990961, 7.761447620208642, 9.75630065498893, 1.2100000000000002], "Te_err": [NaN, 23.808230909929126, 21.76119020565516, 4.816734660109237, 4.741516534946004, 5.421566259319389, 10.380418360388886, 3.3022928467139354, 11.0409487055968, 1.750892580629584, 2.379830641466885, 1.3332515518299926, 7.05901748643937, 13.488450046569483, 4.868864537181499, 12.211081291445858, 477.10460071680967, 6.662773617446473, 172.27201095314257, 5.364787862390622, 5.015034117654273, 13.757607463578287, 4.719746125072124, 21.42091538671887, 20.124106798151058, 2.7954236902444265, 1.8666883440940207, 4.717732888021787, 16.79528013534685, 13.048562069837619, 6.916872486310301, 3.057703234613257, 4.089657863407383, 12.324700415829888, 3.905544081857263, 60.09781867798071, 0.25466193879220017, 2.1656733343720473, 1.870979471653863, 4.990898362471488, 8.247189199093214, 9.528736005351663, 10.73449734537083, 9.643915132037028, 13.34888637970313, 12.821772409019566, 13.933680479283696, 15.107138245398046, 16.831378977985235, 18.877070822210722, 20.02682986400167, 23.57099583716844, 28.058251329653512, 35.3433329737819, 28.616951915957497, 32.83517391066778, 42.61617360877448, 43.96895067799217, 61.914976073626526, 52.96241850480111, 47.17352591682414, 53.13962913163921, 64.10656685824185, 60.43392901702362, 65.38154572211171, 58.86627899414366, 69.43529758371326, 65.50513741334353, 55.10651109250058, 65.26152589658982, 66.31910017081171, 58.291427641805726, 51.10858087891198, 40.26601080027859, 3.773319458853175, 11.666269227173933, 5.694473501269792, 3.311474525369797, 3.7001170995133457, 5230.5077276923275, 4.819961186766356, 2.7165555713651184, 3.017236885077073, 1501.4352082500611, 3.1860862237165524, 5.310987884133578, 4.205883973778476, 6.225359209726141, 13.642525053731147, 4.239494024049627, 738.2560547591711, 19.58118618719709, 1.566887095610967, 4.739910450240377, 21.255917087846814, 30.336172825635533, 190.4856380267389, 755.4109718857045, 2.73126996714296, 7.633829541618103, 4.519305604948103]}