{"timeline": [0.0, 0.0, 3.127, 6.254, 9.381, 12.508, 15.635, 18.762, 21.888, 25.015, 28.143, 31.269, 34.396, 37.523, 40.65, 43.777, 46.904, 50.031, 53.158, 56.284, 59.411, 62.538, 65.665, 68.792, 71.919, 75.046, 78.173, 81.3, 84.427, 87.554, 90.681, 93.808, 96.934, 100.061, 103.188, 106.315, 109.442, 112.569, 115.696, 118.823, 121.95, 125.077, 128.203, 131.33, 134.457, 137.584, 140.711, 143.838, 146.965, 150.092, 153.219, 156.346, 159.473, 162.6, 165.727, 168.854, 171.981, 175.107, 178.234, 181.361, 184.488, 187.615, 190.742, 193.869, 196.996, 200.123, 203.25, 206.376, 209.503, 212.63, 215.757, 218.884, 222.011, 225.138, 228.265, 231.392, 234.519, 237.646, 240.772, 243.9, 247.026, 250.153, 253.28, 256.407, 259.534, 262.661, 265.788, 268.915, 272.042, 275.169, 278.295, 281.422, 284.549, 287.676, 290.803, 293.93, 297.057, 300.184, 303.311, 306.438, 309.565], "Te": [1.2100000000000002, 24.358747455696502, 4.137623871906718, 22.78662856745058, 8.701897293159915, 4.339576527255807, 151.84290637088154, 6.4144195208335875, 8.456606985422011, 5.7759763577774805, 31.20871837684927, 9.572087022475907, 23.898817661508915, 187.26577626361242, 6.4144195208335875, 485.719195218519, 5.943512938433107, 37.049535501201156, 27.571820566615205, 28.91756937042579, 6.353573993555228, 89.0421157772709, 26.5404553338255, 16.01500719465604, 19.01226991911814, 7.400249944258173, 16.95753605762445, 2.9358735228877366, 622.3092382469623, 671.6150140759587, 379.10916647857925, 1.2100000000000002, 19.37815870553381, 23.004846602132954, 5.201079034080524, 34.99025893821521, 7.4711190504190155, 41.538804159586384, 53.72967821629477, 89.8948349696411, 87.36086668767986, 224.4421999723096, 284.8303279328168, 295.89886815863593, 319.34303765639555, 401.42082249464346, 441.56290474410787, 490.37072529785183, 539.4077978276371, 560.3692486383948, 622.3092382469623, 658.9339123173781, 652.683435371441, 731.7686722205026, 752.9941782788245, 745.8514699377035, 774.835346259465, 738.7765154835546, 760.2052893576252, 652.683435371441, 738.7765154835546, 671.6150140759587, 711.1414737194339, 731.7686722205026, 717.9517789085851, 760.2052893576252, 724.8273035491161, 711.1414737194339, 717.9517789085851, 646.492248835849, 717.9517789085851, 711.1414737194339, 576.6231842513797, 10.630130396813637, 19.01226991911814, 2700.558562990961, 2700.558562990961, 7.4711190504190155, 3.0791701279131325, 15.863092971714952, 11.043218521090154, 9.39135162045246, 6.4144195208335875, 12.263872299118692, 31.20871837684927, 8.869364231808119, 2700.558562990961, 2700.558562990961, 5.613162321877546, 2700.558562990961, 6.475847740340532, 1809.6905641297533, 11.472359298725419, 14.98139512770121, 2.1031146287228544, 6.000431482073512, 1.2100000000000002, 15.712619767866228, 15.563573913974851, 9.663754906194216, 2700.558562990961], "Te_err": [NaN, 12.4342747240099, 1.3059202909892318, 7.842918993361957, 5.9665295514130365, 1.6739393986190523, 74.19839556439204, 2.453668861741203, 3.3863320595843516, 2.6537431053645024, 23.232926130288696, 6.5564779486317954, 14.102211933935303, 144.22769157269227, 4.111547721673038, 392.7770960652648, 3.782812176072377, 24.572195929490956, 9.003642490196745, 10.457508834567246, 7.736622532570189, 45.47620771742286, 14.743504523763777, 12.235151764623554, 9.414470562039094, 2.5662653073214337, 15.943029109668242, 1.4873728473590824, 833.8394848642953, 2834.913304284254, 226.90956296094512, 4.340231745353954, 7.073748843976785, 8.483697382079274, 2.6928943641794545, 26.988024449226362, 0.9119360353047643, 5.68507856877498, 2.9041215303973256, 3.7280872009878, 2.736849401344619, 6.712338416603382, 10.182476301000044, 13.22412215499365, 10.341558713731471, 11.48629814033787, 10.969746858281379, 14.065156349985433, 14.272063915209133, 13.42340758972883, 15.681053534851781, 17.86410199951143, 16.942241532211515, 21.784633082742396, 18.5042974026447, 20.797934203093895, 21.34069938563788, 19.75744017270393, 20.854420752570782, 17.261677009842472, 21.324556416904485, 16.806081061699164, 18.789673289477136, 17.29390055916528, 19.63119528645597, 18.37777220769532, 18.84433136145782, 16.611123170976672, 18.12993522492064, 16.639386692488173, 17.963604727987615, 16.93524233609214, 16.3683130917305, 9.124371651764365, 11.519327237997294, 2628.0273800713207, 1536.8523932557462, 2.3048833045155823, 1.794691485935177, 12.044450114466171, 7.132809339931353, 4.238764468588598, 2.4962549199367623, 5.173243814835005, 24.579727369310564, 5.136071068694555, 2645.745573487817, 865.5110200617166, 2.968970218762666, 943.0555352372529, 2.079896054136702, 2218.802510106074, 17.172970736393026, 6.661749717792329, 2.0783126796333744, 4.291315063098982, 3.5106758758918453, 6.266606848766813, 8.175500186523793, 4.7222686495475585, 2044.425958534089]}