{"timeline": [0.0, 0.0, 3.127, 6.254, 9.381, 12.507, 15.634, 18.761, 21.888, 25.015, 28.142, 31.269, 34.396, 37.523, 40.65, 43.777, 46.904, 50.031, 53.158, 56.284, 59.411, 62.538, 65.665, 68.792, 71.919, 75.046, 78.173, 81.3, 84.427, 87.554, 90.68, 93.807, 96.934, 100.061, 103.188, 106.315, 109.442, 112.569, 115.696, 118.823, 121.949, 125.077, 128.203, 131.331, 134.457, 137.584, 140.711, 143.838, 146.965, 150.092, 153.219, 156.346, 159.472, 162.599, 165.726, 168.853, 171.98, 175.107, 178.234, 181.361, 184.488, 187.615, 190.742, 193.869, 196.995, 200.122, 203.249, 206.376, 209.503, 212.63, 215.757, 218.884, 222.011, 225.138, 228.265, 231.392, 234.519, 237.645, 240.772, 243.899, 247.026, 250.153, 253.28, 256.407, 259.534, 262.661, 265.788, 268.914, 272.041, 275.169, 278.295, 281.422, 284.549, 287.676, 290.803, 293.93, 297.057, 300.184, 303.311, 306.437, 309.565], "Te": [1.2100000000000002, 30.041309535781252, 107.7409600904978, 2700.558562990961, 2700.558562990961, 797.3100339040277, 29.47408442139277, 13.36229441051909, 1.2100000000000002, 18.47634937419028, 10.330486782497706, 49.31293175209875, 2700.558562990961, 14.698523851570998, 2700.558562990961, 30.32900262327673, 34.99025893821521, 20.518618629725587, 450.0607283091169, 13.36229441051909, 711.1414737194339, 2700.558562990961, 32.731979973689924, 2700.558562990961, 454.3707721283956, 102.72697477569204, 2700.558562990961, 711.1414737194339, 1308.787662546562, 181.98710216059987, 3.7974983358324144, 1.2100000000000002, 39.605695768164814, 47.92289187947943, 175.17960210701767, 6.4144195208335875, 724.8273035491161, 12.263872299118692, 60.81696317005045, 1.7715610000000008, 351.27734142203514, 32.11395095392886, 2700.558562990961, 2700.558562990961, 22.570480492698156, 27.310281396164772, 12.740447826915435, 1.2100000000000002, 16.79668124926389, 445.79156845259257, 11.363535460747478, 10.232494452360635, 12.263872299118692, 26.288699427659807, 5.403193580393733, 2700.558562990961, 15.269710226603536, 22.356382742770244, 610.5591037054169, 1.2100000000000002, 4.959034282705381, 93.38815888699276, 937.5507689739528, 148.97588388530323, 24.59202101704727, 251.63771862927234, 20.913496911029956, 142.04293198443193, 1102.4587764180274, 34.99025893821521, 115.17433698935031, 2700.558562990961, 490.37072529785183, 168.62674678610784, 10.938465401718485, 20.323984311609312, 820.4366169314741, 2700.558562990961, 54.763699237493086, 41.93660395607357, 717.9517789085851, 103.71074815305066, 1399.0849085345799, 2700.558562990961, 131.61502787905158, 2700.558562990961, 16.01500719465604, 28.10243684806433, 1.2100000000000002, 130.36656170950235, 812.6541670319101, 121.9526753045486, 10.529295724723498, 23.22515441988787, 2700.558562990961, 29.47408442139277, 1284.0757827027762, 1.2100000000000002, 549.7886342753587, 140.69554940917536, 75.72301650070385], "Te_err": [NaN, 13.075312825953642, 69.74904300655972, 18351.438600538513, 17601.785694864193, 671.462459281741, 20.60718668841726, 28.661906765691985, 44.94927384302638, 145.01706886275167, 22.20637725507308, 77.66673095543416, 6930.4505316567875, 26.8373858389764, 9857.072591528351, 36.041766465175954, 54.514516650363085, 19.078792067535996, 241.8444959186802, 18.239889084200865, 1579.058866262223, 29307.59170597411, 33.55991611874763, 8487.560242676103, 263.8023504257189, 171.5802467013007, 15727.051783027104, 1853.2998559867876, 6599.103651094033, 239.5745670466331, 9.341978671898177, 68.21570409800619, 44.68160402202317, 66.76814982264818, 232.32190607063023, 10.398708832192169, 5258.620064347176, 16.313189079391844, 173.78565326543483, 6.377332492936246, 878.1619220505637, 64.49762767567795, 16077.752615235704, 36700.595964419444, 87.65488792342349, 62.736434113504195, 39.4089490984105, 15.878810677976336, 33.54623373710496, 1771.967216623525, 20.155575931494727, 18.306260495252225, 24.387735144802345, 70.53582806071027, 7.08680109407646, 12112.029557653708, 22.220092904727487, 44.221363661420575, 3409.9746920639436, 21.804513147716772, 7.362428808892276, 131.0005707390498, 1184.048446730758, 168.8999944802665, 26.961398327089864, 658.120888517701, 18.59863722123496, 104.84933254029374, 1255.2269188815042, 49.14184417812309, 467.4477457961074, 11182.457782993832, 538.6252723828469, 169.9233704750633, 29.81815635370895, 15.55068410167408, 831.9059137181929, 5689.255479649352, 54.374773186339404, 97.57259028265344, 1657.6508877752556, 117.148863902603, 3967.667212674448, 11745.942080434537, 134.77676857426619, 16250.035102591175, 30.407848264111987, 24.804465944555712, 90.68222493203822, 70.8152615348493, 1129.9970301831697, 155.36834810597182, 9.55636603382128, 28.098893566204197, 13076.497362355709, 29.051629573339945, 3652.1546918570916, 20.661207189628946, 1247.834689387213, 114.23141190287218, 51.13234381896474]}