{"timeline": [0.0, 0.0, 3.128, 6.255, 9.381, 12.508, 15.635, 18.762, 21.889, 25.016, 28.143, 31.27, 34.397, 37.524, 40.651, 43.777, 46.904, 50.031, 53.158, 56.285, 59.412, 62.539, 65.666, 68.793, 71.92, 75.047, 78.173, 81.301, 84.428, 87.554, 90.681, 93.808, 96.935, 100.062, 103.189, 106.316, 109.443, 112.57, 115.697, 118.823, 121.95, 125.077, 128.204, 131.331, 134.458, 137.585, 140.712, 143.839, 146.966, 150.092, 153.219, 156.346, 159.473, 162.6, 165.727, 168.854, 171.981, 175.108, 178.235, 181.362, 184.489, 187.616, 190.742, 193.87, 196.996, 200.123, 203.25, 206.377, 209.504, 212.631, 215.758, 218.885, 222.011, 225.139, 228.265, 228.265, 234.519, 237.646, 240.773, 243.9, 247.027, 250.154, 253.281, 256.408, 259.535, 262.661, 265.788, 268.915, 272.042, 275.169, 278.296, 281.423, 284.55, 287.677, 290.804, 293.931, 297.058, 300.184, 303.312, 306.438, 309.565], "Te": [1.2100000000000002, 96.09695335644786, 6.537864232276418, 13.881554751457758, 10.135431652164206, 12.862457780144503, 11.693143436495003, 107.7409600904978, 11.363535460747478, 11.043218521090154, 33.681395910182864, 18.301087494888428, 458.72209143908094, 5.151742941357371, 6.4144195208335875, 6.856969854946662, 20.13119624437727, 2.8531167061100025, 20.323984311609312, 9.84973267580763, 4.9119941639943026, 72.1990633782478, 3.4195238610799312, 1.2100000000000002, 8.296933524485462, 11.805123792536607, 6.475847740340532, 19.563735246441006, 23.004846602132954, 16.1683762367281, 17.95553543313968, 18.301087494888428, 11.693143436495003, 30.32900262327673, 4.959034282705381, 6.0578951108586265, 4.6389771255186325, 43.566265344981296, 150.40256376909076, 209.9566512987707, 200.18581237665987, 307.3975331665303, 393.8413935191445, 409.14611664465195, 341.3754861971416, 445.79156845259257, 397.61304822514495, 534.291114740371, 634.2855026765177, 658.9339123173781, 704.3957693267863, 704.3957693267863, 704.3957693267863, 767.4854582385865, 820.4366169314741, 812.6541670319101, 774.835346259465, 724.8273035491161, 646.492248835849, 658.9339123173781, 652.683435371441, 610.5591037054169, 640.3597902970785, 622.3092382469623, 599.0308293794346, 539.4077978276371, 555.0537306412881, 587.7202262144081, 634.2855026765177, 604.7674977028946, 604.7674977028946, 593.3485776104009, 622.3092382469623, 599.0308293794346, 571.1534856180504, 555.0537306412881, 549.7886342753587, 472.02767406450437, 29.7563454306272, 1333.9751194658131, 153.2970425328253, 11.2557438975967, 22.78662856745058, 6.791926409471832, 32.11395095392886, 19.37815870553381, 1.2100000000000002, 7.4711190504190155, 38.124185414612334, 25.792329237065506, 56.89182306589319, 4.46544923999482, 33.36190288560441, 9.572087022475907, 12.032311941890335, 6.791926409471832, 2700.558562990961, 2700.558562990961, 38.857880654253925, 33.681395910182864, 35.66364214988526], "Te_err": [NaN, 28.143561776160876, 3.1721904017424802, 4.54162839038469, 14.727174966285178, 7.7233102073013615, 5.202748905564724, 40.337217664228135, 5.937437999497701, 3.066119098767897, 67.92585897856102, 5.13260613542664, 386.790536439149, 2.602026031069708, 4.175148591102316, 4.092597345259341, 7.48819289159635, 2.257908078609709, 12.516790687179514, 3.0317922117986957, 4.983121670184565, 22.18921521060547, 1.5181880686362426, 3.4356361949983656, 8.215853133989718, 3.190339025786106, 2.5815452044779152, 7.182346557138315, 13.786079215801328, 8.052576210577056, 5.838171575191985, 10.330332817755586, 6.919103873376177, 9.260229123128854, 4.849299389223687, 1.9872114906935312, 0.3742907189737387, 9.49888719233674, 13.33889650322616, 12.548277238738288, 11.538145843629765, 11.31813536249325, 11.342472596344894, 13.518682191640842, 13.172059783392799, 15.868906582544925, 16.40368492996038, 17.320396138560717, 18.578868779624067, 22.175302422049157, 23.099751377937864, 22.989365516454882, 21.891357850557693, 23.84610780568226, 27.581743749398495, 26.41916452040003, 26.135704461966586, 20.610038421316286, 15.993445454718344, 17.016011795403596, 15.653346575560391, 13.672732033311863, 14.676642585542899, 16.278477241400306, 14.251774163021361, 11.212784624849975, 14.452571971739692, 13.12854694578087, 17.52021684902697, 15.245785884366754, 13.682495526085201, 15.131587803010097, 15.614377404137548, 16.202525846609902, 17.400977582835328, 15.089190157024193, 15.888818187150179, 14.48986146103822, 24.468462038609676, 155.20480158772733, 77.58038581358237, 8.268712374782034, 11.599330555161957, 2.210959472233794, 12.133684711935313, 5.50481453367124, 2.4207426075149883, 5.157920707868335, 16.129388973756697, 6.756824098478031, 37.32488406662374, 1.8409185712269716, 24.430855842629438, 6.943365869953464, 5.262332074639347, 18.433176507084603, 7289.022274782401, 1530.6195875413507, 22.653400262650255, 16.22700053371288, 16.381369064561365]}