{"timeline": [0.0, 0.0, 3.127, 6.253, 9.38, 12.507, 15.634, 18.761, 21.888, 25.015, 28.142, 31.269, 34.396, 37.523, 40.65, 43.776, 46.903, 50.03, 53.157, 56.284, 59.411, 62.538, 65.665, 68.792, 71.919, 75.046, 78.173, 81.299, 84.426, 87.553, 90.68, 93.807, 96.934, 100.061, 103.188, 106.315, 109.441, 112.568, 115.695, 118.822, 121.949, 125.076, 128.203, 131.33, 134.457, 137.584, 140.711, 143.838, 146.965, 150.092, 153.219, 156.345, 159.472, 162.599, 165.726, 168.853, 171.98, 175.107, 178.234, 181.361, 184.488, 187.614, 190.742, 193.868, 196.995, 200.122, 203.249, 206.376, 209.503, 212.63, 215.757, 218.884, 222.011, 225.138, 228.264, 231.391, 234.518, 237.645, 240.772, 243.899, 247.026, 250.153, 253.28, 256.407, 259.534, 262.661, 265.787, 268.914, 272.041, 275.168, 278.295, 281.422, 284.549, 287.676, 290.803, 293.93, 297.057, 300.184, 303.31, 306.437, 309.564], "Te": [1.2100000000000002, 8.95430243255239, 61.98737811484351, 14.559097449687306, 1.2100000000000002, 2.79924557083012, 6.115909044841464, 10.529295724723498, 18.831924435909574, 5.301173157713708, 5.250887597979527, 7.26052209330895, 33.681395910182864, 68.83910590973078, 28.371562160772058, 3.982849855532462, 8.61935334239325, 4.46544923999482, 16.323214030126984, 3.2603880745723566, 34.3295902145342, 3.452271214393104, 38.48928483203674, 10.429417544295834, 10.135431652164206, 9.481288676632575, 7.614899813797298, 12.862457780144503, 26.03933161301299, 7.4711190504190155, 36.00517797105892, 34.3295902145342, 15.269710226603536, 17.119931305372337, 74.29325204102568, 80.17953205361366, 11.693143436495003, 70.83583645451174, 50.74329078684903, 95.18540247053743, 95.18540247053743, 239.9271507561198, 319.34303765639555, 331.75274586334166, 397.61304822514495, 429.1160673313679, 499.80784934123517, 565.7356711336021, 616.4061735022343, 678.0467908524578, 704.3957693267863, 789.7469567994436, 812.6541670319101, 885.4400933868083, 828.293596106707, 877.0410372944306, 1002.2352512891156, 992.7283064870837, 955.5938177273271, 937.5507689739528, 919.8484001227267, 820.4366169314741, 760.2052893576252, 789.7469567994436, 724.8273035491161, 745.8514699377035, 782.2556210913774, 752.9941782788245, 724.8273035491161, 738.7765154835546, 738.7765154835546, 717.9517789085851, 622.3092382469623, 640.3597902970785, 2700.558562990961, 120.79586371656139, 2700.558562990961, 154.76510435009288, 12.862457780144503, 10.834705943388395, 3.1988270432082815, 2700.558562990961, 9.944059456107713, 17.44940226888645, 154.76510435009288, 15.124865698254895, 1156.268519450066, 12.14754037319917, 8.537592382229507, 2700.558562990961, 17.785213860400912, 2700.558562990961, 1953.0729724098978, 7.761447620208642, 13.74987790750445, 8.869364231808119, 7.910815721054467, 8.869364231808119, 2700.558562990961, 2700.558562990961, 8.376389795177028], "Te_err": [NaN, 5.4132120410455675, 46.36006059690468, 4.841607010536514, 4.311300670890285, 1.4354123332011088, 1.9944176218818264, 5.851028243211938, 7.457203411356805, 2.6899586230906425, 1.6837647901585742, 2.866225645327896, 16.561120857378096, 28.379040179969376, 11.627468481327174, 2.48912955709113, 14.219385513021123, 1.888693100314161, 13.232940821451269, 2.6563128620866943, 15.835455455924679, 1.9591153752233597, 16.234559174772357, 4.691851766956403, 18.290608596621517, 9.923245605758108, 2.691474247898426, 6.522996014001189, 12.337824198935403, 3.175409459659259, 16.95228553315052, 13.549731206107355, 6.199733478400378, 5.5160643801440985, 32.57519687338632, 37.35688731815005, 1.9500006307397886, 8.08371593438403, 2.5445188496515327, 3.471568677184502, 3.0638869144341823, 6.19678411931732, 9.853985576328949, 11.690034563475502, 11.549779871783054, 11.296451331730768, 12.971427953631336, 17.156644612777722, 17.206420624867924, 19.447762603023676, 19.467915117568932, 24.44841927945423, 24.475826970584897, 27.13612954361501, 25.541870974566997, 27.95009341839977, 33.88802961747316, 33.113671034412825, 33.5771200830349, 28.787010260285513, 29.071476782064323, 21.95082986189073, 21.69519862576124, 22.940906903390925, 19.067536378509853, 21.399869070601373, 21.880901654098302, 20.27852328720125, 21.213980377906815, 20.50606642075408, 23.275395635977862, 19.800052125288513, 16.697125674382015, 20.579498599158956, 347.9691846210459, 76.15382200488767, 5186.480457181515, 252.40327231695753, 4.587670893513625, 5.6423425516601196, 2.3834549194860304, 1445.4925070886277, 3.4591392303523554, 8.872628848939168, 125.22182555005502, 7.016400883945531, 1689.734937119597, 4.952642297414959, 4.486201355893611, 4709.431568541511, 6.806952251353865, 3275.5223728037286, 6718.545572577984, 2.800070933572878, 7.887292210429662, 5.276647709227529, 2.5058438815607755, 3.9904041630276152, 3180.172442362757, 1913.6763006365597, 7.888571332696901]}