{"timeline": [0.0, 0.0, 3.126, 6.254, 9.38, 12.507, 15.634, 18.761, 21.888, 25.015, 28.142, 31.269, 34.396, 37.523, 40.649, 43.776, 46.903, 50.03, 53.157, 56.284, 59.411, 62.538, 65.665, 68.792, 71.919, 75.046, 78.172, 81.3, 84.426, 87.553, 90.68, 93.807, 96.934, 100.061, 103.188, 106.315, 109.442, 112.569, 115.695, 118.822, 121.949, 125.076, 128.203, 131.33, 134.457, 137.584, 140.711, 143.838, 146.965, 150.092, 153.219, 156.345, 159.472, 162.599, 165.726, 168.853, 171.98, 175.107, 178.234, 181.361, 184.488, 187.615, 190.741, 193.868, 196.995, 200.122, 203.249, 206.376, 209.503, 212.63, 215.757, 218.884, 222.01, 225.138, 228.264, 231.392, 234.518, 237.645, 240.772, 243.899, 247.026, 250.153, 253.28, 256.407, 259.534, 262.661, 265.787, 268.914, 272.041, 275.168, 278.295, 281.422, 284.549, 287.676, 290.803, 293.93, 297.057, 300.184, 303.311, 306.437, 309.564], "Te": [1.2100000000000002, 8.456606985422011, 3.8705807222820208, 81.72257724512826, 104.70394271759118, 10.529295724723498, 16.479534640471332, 14.698523851570998, 5.7759763577774805, 14.559097449687306, 69.4983493057622, 30.619450827438968, 43.153007001361175, 3.9076476589635787, 15.415941870567679, 8.95430243255239, 11.043218521090154, 19.563735246441006, 25.30533126234625, 5.1028748380704965, 3.452271214393104, 7.330053084138939, 6.353573993555228, 1.2100000000000002, 16.1683762367281, 33.04544048935938, 7.910815721054467, 5.351940281273166, 4.2984124248599365, 8.61935334239325, 21.315974576087193, 5.250887597979527, 5.507177373507842, 8.61935334239325, 16.1683762367281, 14.148703558158955, 11.363535460747478, 61.39938185208733, 154.76510435009288, 190.86968299888244, 187.26577626361242, 351.27734142203514, 514.3051555760018, 519.2304414709548, 534.291114740371, 463.1150815193344, 472.02767406450437, 519.2304414709548, 671.6150140759587, 797.3100339040277, 797.3100339040277, 877.0410372944306, 973.9841027254892, 812.6541670319101, 844.2340040624453, 820.4366169314741, 812.6541670319101, 760.2052893576252, 646.492248835849, 640.3597902970785, 571.1534856180504, 646.492248835849, 658.9339123173781, 671.6150140759587, 717.9517789085851, 697.7140529441696, 684.5401620716585, 684.5401620716585, 646.492248835849, 622.3092382469623, 2700.558562990961, 1.2100000000000002, 85.71136210995921, 4.773534179981388, 7.26052209330895, 12.985636171790269, 2700.558562990961, 2700.558562990961, 2700.558562990961, 2700.558562990961, 2700.558562990961, 12.740447826915435, 2.992374046230249, 2700.558562990961, 2700.558562990961, 2700.558562990961, 2700.558562990961, 30.619450827438968, 15.563573913974851, 10.529295724723498, 8.61935334239325, 10.232494452360635, 8.701897293159915, 7.910815721054467, 5.613162321877546, 2700.558562990961, 2700.558562990961, 25.792329237065506, 2700.558562990961, 10.429417544295834, 14.559097449687306], "Te_err": [NaN, 4.345630362424521, 1.9937113249094915, 18.355490246966564, 33.37774550467126, 5.884074389550582, 9.407489471230589, 6.694445410728142, 2.2670742709426093, 6.707063923722091, 66.02132704836926, 11.991971755129356, 28.287919285866924, 1.512123523448726, 5.965535862161852, 10.049557898515504, 4.023545851395644, 51.84521581584018, 16.53061858539238, 2.8009521946398848, 1.6774588214893276, 3.9605601713621716, 3.024279796994126, 7.364299515817624, 5.002942073665652, 21.4319908335195, 4.78121182701091, 2.1740595342092828, 1.8119636627200337, 3.529723688538416, 10.056613044813538, 1.9477285218644333, 8.983429760029916, 3.42646052987375, 41.49057050390894, 8.955373273810562, 1.1450773779048102, 20.587299830392613, 16.83491561855488, 15.618347584520816, 14.84598531838094, 15.629218669118808, 18.140347581680647, 15.770960813478888, 18.205057609308593, 23.311095058169514, 16.521600640409908, 21.32905014584892, 28.44876090398317, 31.89359008795787, 28.662310325025988, 31.759267205768584, 37.877904043157386, 28.600405104926242, 28.947168655868904, 29.07362554243825, 30.540895645612423, 23.63979687035543, 20.807437722410977, 17.208508741405456, 15.753767051316219, 17.067046298701005, 20.084587715947627, 18.913977395281226, 21.86586194665999, 20.410443726411945, 21.003486052030585, 21.420324030060616, 18.46544796183752, 18.72070782203233, 4987.5329134679005, 3.806401803846725, 86.74371871110469, 1.841463149188284, 3.921659438321922, 6.156444338027732, 4654.234028231237, 6425.725340478621, 806.7475361136323, 1811.3104758879065, 10096.730462216496, 8.736567774412146, 1.5486200715835117, 3693.131028287901, 5311.680653061987, 3454.5972842085725, 2810.272584548664, 19.14299049845128, 4.840798053989932, 3.5929305301081436, 3.7452540064857387, 3.3712427931159255, 2.741999446958604, 3.0825532921337184, 2.4851825962544054, 2930.176342984928, 1800.137950326814, 10.166944719256653, 2652.4098396605195, 5.799427383199178, 16.96564999084729]}