{"timeline": [0.0, 0.0, 3.127, 6.254, 9.381, 12.508, 15.635, 18.762, 21.889, 25.015, 28.142, 31.269, 34.396, 37.523, 40.65, 43.777, 46.904, 50.031, 53.158, 56.285, 59.412, 62.539, 65.666, 68.792, 71.919, 75.046, 78.173, 81.3, 84.427, 87.554, 90.681, 93.808, 96.934, 100.061, 103.188, 106.315, 109.442, 112.569, 115.696, 118.823, 121.95, 125.077, 128.204, 131.331, 134.458, 137.585, 140.712, 143.838, 146.965, 150.092, 153.219, 156.346, 159.473, 162.6, 165.727, 168.854, 171.981, 175.107, 178.234, 181.361, 184.488, 187.615, 190.742, 193.869, 196.996, 200.123, 203.25, 206.376, 209.503, 212.631, 215.757, 218.884, 222.011, 225.138, 228.265, 231.392, 234.519, 237.646, 240.773, 243.9, 247.027, 250.153, 253.28, 256.407, 259.534, 262.661, 265.788, 268.915, 272.042, 275.169, 278.295, 281.423, 284.55, 287.676, 290.803, 293.93, 297.057, 300.184, 303.311, 306.438, 309.565], "Te": [1.2100000000000002, 665.2442474731841, 156.24722518287513, 10.938465401718485, 12.032311941890335, 7.910815721054467, 60.81696317005045, 10.938465401718485, 23.672119648193625, 24.827528541967972, 47.018035591647255, 10.039289564627412, 789.7469567994436, 5.006524885007129, 8.61935334239325, 8.61935334239325, 150.40256376909076, 47.468307701497295, 4.381134841085708, 15.863092971714952, 1333.9751194658131, 1.2100000000000002, 63.18031755069291, 6.000431482073512, 54.24422492730863, 1.2100000000000002, 38.857880654253925, 5.250887597979527, 27.835864388580877, 48.845162014813425, 3.0791701279131325, 40.36790249158133, 5.721186937488577, 60.81696317005045, 316.31383206019666, 30.619450827438968, 5.301173157713708, 25.54766986187666, 61.39938185208733, 57.98669917417012, 23.898817661508915, 59.10264603792425, 213.99724112157529, 316.31383206019666, 347.9452152662164, 405.26506222962956, 401.42082249464346, 463.1150815193344, 495.0668011400286, 571.1534856180504, 560.3692486383948, 628.2688341798555, 684.5401620716585, 752.9941782788245, 752.9941782788245, 731.7686722205026, 691.0957175978411, 671.6150140759587, 671.6150140759587, 634.2855026765177, 658.9339123173781, 634.2855026765177, 671.6150140759587, 704.3957693267863, 684.5401620716585, 652.683435371441, 646.492248835849, 658.9339123173781, 640.3597902970785, 640.3597902970785, 640.3597902970785, 622.3092382469623, 610.5591037054169, 549.7886342753587, 587.7202262144081, 509.4265896712679, 524.2028947739815, 529.222967187668, 2.335580808059511, 9.75630065498893, 16.637352268080388, 148.97588388530323, 10.429417544295834, 2700.558562990961, 78.6656218764772, 2700.558562990961, 8.537592382229507, 2700.558562990961, 20.13119624437727, 8.063058392552833, 2700.558562990961, 10.731930720487824, 8.063058392552833, 6.115909044841464, 30.32900262327673, 10.529295724723498, 44.829937956453406, 14.98139512770121, 13.36229441051909, 44.829937956453406, 2700.558562990961], "Te_err": [NaN, 356.6921160969781, 111.13035629806025, 7.472348370953071, 10.354530977543321, 5.5368435128504485, 32.63279683746808, 5.250252015379049, 16.751427587165836, 6.949378768046669, 40.193880782369455, 5.776896914106145, 434.63776288750097, 2.484930336655125, 3.1009711405971787, 4.7629135625207875, 108.38259330162147, 33.80864526618454, 3.5060894295611247, 8.857005872753366, 1373.2453207845956, 3.7110340390731578, 70.85877946499743, 1.9001565523631372, 30.998389053939334, 8.244903935605972, 18.373148947221498, 6.363760799902099, 11.197834776324251, 15.713964075079542, 2.0966294836951698, 21.640732439011437, 2.2555346433230845, 28.34894424369882, 185.0178084338232, 22.412228059162683, 0.5001161640708095, 2.9199584318405507, 4.168238132249456, 3.2101484042232515, 0.6628781916099299, 2.0011679487509073, 6.574653258638206, 9.66163233075219, 10.488807347490738, 13.612296068609243, 11.065178125110473, 11.908063105347525, 13.47841641582267, 14.366180899904167, 16.720516654527987, 17.990678056900993, 18.795657071825286, 21.234742165704073, 22.02746469736112, 22.790893782525334, 18.515258676415645, 17.589963313291577, 16.21392837998498, 15.542631763016786, 16.127478616673756, 14.987648813886354, 16.66568597520522, 18.591304600447916, 15.63579016314492, 14.35887829232025, 13.690258611102571, 14.632025905436175, 15.56478696220334, 15.704548395914818, 15.081496393866061, 14.460205476295327, 15.873977009938107, 12.547107479839477, 16.103485475613127, 13.228214293287618, 14.866591860644542, 14.907896322908044, 1.4298114624381406, 4.478717943482385, 12.366065166968582, 55.347594802269725, 6.518349163436702, 3334.202550022104, 54.728538301041254, 5678.3487820613345, 5.328375084910133, 1484.8639248660852, 11.860533869558642, 3.2525560270084246, 6664.059145722127, 5.0832727670923665, 4.454687250661176, 2.201141153929012, 41.2418912227546, 5.117815648948923, 25.703599425229164, 5.431521768701199, 5.15640185827544, 27.85998145386719, 5654.355947633409]}