{"t": [0, 300, 601, 902, 1202, 1503, 1804, 2104, 2405, 2706, 3006, 3307, 3608, 3908, 4209, 4510, 4811, 5111, 5412, 5713, 6013, 6314, 6615, 6915, 7216, 7517, 7817, 8118, 8419, 8719, 9020, 9321, 9621, 9922, 10223, 10523, 10824, 11125, 11426, 11726, 12027, 12328, 12628, 12929, 13230, 13530, 13831, 14132], "data": {"1": [1271.072265625, 1266.54541015625, 1265.20263671875, 1263.58740234375, 1261.9775390625, 1260.8125, 1259.748046875, 1258.68994140625, 1258.00146484375, 1256.9169921875, 1256.4833984375, 1255.94580078125, 1255.30615234375, 1254.4892578125, 1254.04296875, 1253.66357421875, 1253.08935546875, 1252.044921875, 1251.53173828125, 1250.96533203125, 1250.4775390625, 1250.51806640625, 1250.60546875, 1250.1484375, 1249.64453125, 1249.583984375, 1249.25537109375, 1249.740234375, 1249.80126953125, 1249.18310546875, 1249.1484375, 1249.12939453125, 1248.912109375, 1249.50048828125, 1250.65185546875, 1251.39990234375, 1253.6953125, 1255.17431640625, 1256.5751953125, 1257.998046875, 1259.57958984375, 1260.9873046875, 1262.32177734375, 1263.80810546875, 1265.27685546875, 1266.1923828125, 1267.50537109375, 1268.93017578125], "2": [1557.099609375, 1554.67626953125, 1552.8662109375, 1551.453125, 1549.25048828125, 1547.3125, 1545.58056640625, 1543.8095703125, 1542.11328125, 1540.5693359375, 1539.37744140625, 1538.57080078125, 1536.82177734375, 1535.43603515625, 1534.1494140625, 1533.00244140625, 1531.87890625, 1530.82666015625, 1529.802734375, 1528.8037109375, 1527.87646484375, 1527.4697265625, 1527.12646484375, 1527.04443359375, 1526.244140625, 1525.67724609375, 1525.38330078125, 1525.29541015625, 1525.3564453125, 1524.81884765625, 1524.1005859375, 1523.91357421875, 1523.93994140625, 1524.88818359375, 1526.79248046875, 1529.1640625, 1531.9384765625, 1534.7744140625, 1537.7216796875, 1540.82666015625, 1543.833984375, 1546.86572265625, 1549.734375, 1552.62255859375, 1555.380859375, 1558.01416015625, 1560.69580078125, 1563.07373046875], "3": [108.05456225268448, 107.84295783926218, 106.46722818926507, 106.58365197342037, 107.00640144354699, 107.13748782723268, 107.065990720055, 107.73191269977659, 107.54434272263795, 107.84954459529128, 107.67534739495242, 107.95034943002808, 107.45904279085748, 107.92603654694392, 108.11681307683752, 108.02313541845682, 107.90230307456768, 108.38795468866351, 108.60814950501754, 108.77467231170617, 108.84082316549238, 108.62955404708717, 108.5304197456608, 108.87985192186514, 109.00317566019366, 108.41349303667161, 108.9328352523343, 108.22751589620209, 108.38687918886407, 108.72461949361286, 108.45146173454778, 108.31557207600213, 108.64650383800195, 108.41730209814241, 108.14125966660937, 108.64444177120929, 107.79386263390043, 107.38004723852076, 107.4139834068473, 107.16856934181128, 106.77474150770466, 106.93582373832841, 107.06122357793434, 107.01207252105173, 106.82348155467717, 106.81942448383377, 106.88169817265282, 106.83335156179676], "4": [230.89191972094088, 229.0316897233202, 225.43854599873967, 225.46875537033853, 226.1276780088217, 226.4117617574613, 226.32557856447278, 227.4758979206049, 227.1514162070959, 227.7024924508384, 227.3904190899142, 227.37849430028064, 226.70430772755918, 227.27440052700922, 227.67410974529008, 227.6677586355044, 227.41094532279317, 227.97118347940656, 228.38541324917844, 229.07935472615827, 229.10081400011447, 228.32842842412788, 227.81043564186285, 228.67859741078078, 228.7888447327719, 227.8940325977444, 228.45891920146653, 227.1388926600599, 227.5153341066621, 228.1177934352981, 227.87906040556794, 227.19289917864108, 227.98319356132208, 227.25499861998566, 226.32373804204622, 227.10448831414325, 225.16501890359172, 224.32028158986571, 224.6141589811155, 224.0531679269061, 223.3572458039754, 223.7850794810105, 224.14505313054934, 223.97869035343984, 223.79429082889385, 224.0968062750104, 224.12600375207654, 224.1616649276998], "5": [491.3541251878454, 486.75796113306995, 478.7340731511714, 478.0401951939049, 479.44661883485134, 480.12256544652587, 479.5027209715301, 481.96146245059293, 481.0923092846318, 482.0858098265943, 480.8485085910343, 481.0106117889672, 479.7430116858567, 481.1232333734319, 481.4892732226075, 481.2068976628286, 480.89580574606686, 482.26866672395033, 483.0843979622657, 484.0996852005185, 484.0934433178669, 482.2515394970498, 481.46879332073104, 482.81836942200823, 483.5321868018559, 481.046012748973, 482.49065074182266, 479.5335804166428, 479.9351155696856, 481.47564429741647, 480.8528418399495, 479.7557413711052, 481.105261786103, 479.32321182698263, 477.23847883370564, 478.64595148078126, 474.44993698802784, 472.4754465462074, 473.2200239159075, 472.3663828263734, 470.96923426132787, 471.7030514979665, 472.8982716102422, 472.72570358595414, 472.5021941055164, 472.9994319307032, 473.7711352179641, 473.7807958330267], "6": [927.5298035470266, 920.1911429512517, 904.214897319127, 902.5321253651828, 904.7456607664545, 905.7375193332186, 904.5148650970957, 908.5769891733976, 906.9451418290136, 908.433991890277, 905.7427298806389, 905.6242982757632, 903.082572034141, 905.4088672165893, 906.1701293767206, 905.2494916079506, 904.7839370244809, 906.4331695022051, 908.0867889020817, 909.9602764194619, 909.8691490519562, 905.9879203184969, 904.3041580741251, 906.759162513605, 907.6809358709976, 903.5000164690383, 906.0054386492523, 900.0932945236866, 901.2653878100477, 903.9465168700235, 902.858296671822, 900.2815566931494, 903.0155925989575, 899.1658076858985, 895.0711270550495, 897.879065561093, 889.53256773787, 886.3699458260704, 887.7288265929618, 886.4215685684826, 883.9476298905884, 886.0905201351892, 888.4339151916136, 888.6233383456491, 888.684662026694, 890.3049481378735, 892.1489621641748, 892.9469704948486], "7": [1457.7381862349387, 1448.5946179183134, 1425.010039525692, 1422.745467434267, 1425.9561064329496, 1427.3829982242082, 1425.4280875866416, 1432.6342942659107, 1429.533633942102, 1432.039516485405, 1427.4736322030374, 1427.4586913559028, 1422.3176997765936, 1426.626541215558, 1427.9332999740539, 1426.4472095720914, 1425.357966770298, 1427.4954493899297, 1429.8599311555145, 1433.852884620392, 1433.3985438506045, 1427.1886420919973, 1424.3715801684134, 1428.0755270092227, 1429.1119549464397, 1423.0348991892686, 1426.684820988715, 1417.9059720551452, 1419.0758936243335, 1423.6142220885602, 1422.0890681388553, 1417.6492920737107, 1422.6468986652922, 1416.8807821295961, 1411.4239088904162, 1416.3405277252677, 1403.642895400126, 1399.359478023552, 1401.9934955414253, 1400.2206693589965, 1396.394547459472, 1401.1335548776992, 1405.2411382253538, 1406.3054707280749, 1406.8005918829122, 1409.5086837044496, 1412.8042683450767, 1414.6109307768472], "8": [-0.401557649547879, -0.5637384716732434, -0.39764249298276155, -0.6013024861087075, -0.42692043306410454, -0.26946926734261467, -0.30550781921293435, -0.3568196139084563, -0.41889356705046765, -0.4481460568417148, -0.4669857966793529, -0.47243226212981426, -0.5569464971071909, -0.571339004410838, -0.592048445086931, -0.5976291745431723, -0.5932567815984129, -0.5982686028527198, -0.6282739536627631, -0.5891137704593561, -0.5724159363006152, -0.6209829867674941, -0.6053230795669364, -0.6202998797044259, -0.628547287621025, -0.5425108838861163, -0.5837261556968514, -0.5779228007866877, -0.5669287391877162, -0.6018491149682106, -0.6108553875236282, -0.5960958024332257, -0.5798152603540103, -0.6303892291188191, -0.5241610815145918, -0.40199848198432164, -0.2892249527410087, -0.2660394724997843, -0.3200887418609568, -0.31457252105172984, -0.4026676977716619, -0.4590132897977881, -0.5513700807698854, -0.5670506100704671, -0.591385976971992, -0.5440392924655697, -0.5823312997651371, -0.5575664899058097]}}