{"t": [0, 301, 601, 902, 1202, 1503, 1803, 2104, 2404, 2458, 3058, 3659, 5057, 5657, 6258, 6858, 7459, 8059, 8660, 9260, 9861, 10461, 11062, 11662, 12263, 12863, 13464, 14064, 14414, 15015, 15615, 16216, 16816, 17417, 18017, 18618, 19218, 19819, 20419, 21020, 21620, 22221, 22821, 23422, 24022, 24623, 25223, 25824, 26424, 27025, 27625], "data": {"1": [1280.4228515625, 1276.55322265625, 1274.75244140625, 1273.8525390625, 1273.322265625, 1272.9560546875, 1272.4296875, 1272.25537109375, 1272.1640625, 1272.18115234375, 1271.77001953125, 1271.79443359375, 1271.5341796875, 1271.2099609375, 1271.37939453125, 1271.119140625, 1271.2666015625, 1271.2685546875, 1272.04150390625, 1272.68896484375, 1272.9833984375, 1273.1904296875, 1273.3369140625, 1273.6220703125, 1273.72265625, 1273.8984375, 1274.04248046875, 1274.10498046875, 1274.26806640625, 1274.27783203125, 1274.3779296875, 1274.45947265625, 1274.4873046875, 1274.68310546875, 1274.64697265625, 1274.80224609375, 1274.9443359375, 1274.90185546875, 1274.9169921875, 1275.02685546875, 1275.07568359375, 1274.39111328125, 1273.50146484375, 1272.9130859375, 1272.3623046875, 1271.91796875, 1271.5224609375, 1271.11279296875, 1270.8466796875, 1270.5712890625, 1270.40283203125], "2": [1568.8330078125, 1567.0654296875, 1564.8916015625, 1562.8408203125, 1561.11083984375, 1559.71533203125, 1557.681640625, 1555.78759765625, 1554.365234375, 1554.107421875, 1551.04541015625, 1548.7236328125, 1544.091796875, 1542.0244140625, 1541.02392578125, 1539.31884765625, 1538.7548828125, 1538.005859375, 1541.31982421875, 1546.56494140625, 1551.9755859375, 1556.80322265625, 1561.63916015625, 1566.09033203125, 1570.09326171875, 1574.1708984375, 1577.81884765625, 1580.94970703125, 1582.8955078125, 1585.68017578125, 1588.435546875, 1590.78955078125, 1592.888671875, 1595.05908203125, 1596.720703125, 1598.73681640625, 1600.947265625, 1602.68212890625, 1604.00048828125, 1605.615234375, 1607.13671875, 1605.126953125, 1598.8974609375, 1591.35546875, 1583.3369140625, 1575.1396484375, 1567.09716796875, 1559.3876953125, 1552.07177734375, 1545.26904296875, 1539.166015625], "3": [135.57947948916407, 131.2186109738013, 129.28472763269747, 128.1249110723835, 126.78003234485759, 125.93675137668698, 124.78540440240269, 124.19758845249328, 123.69236322381002, 123.58117163977889, 121.2970380398148, 120.25391080814013, 119.12963833762109, 118.39291940038046, 117.6953444479396, 116.77528992657665, 115.62114696145838, 115.40704811336299, 114.36617478542222, 117.24291175471974, 120.06855573780314, 121.60118182801196, 123.72932074233435, 125.35006644703334, 127.96531385281381, 129.4889373982121, 130.87919792415627, 132.8037268773374, 133.8214685590145, 135.04770499108736, 136.69912146676853, 137.91630838835948, 139.39407885313216, 140.26205721677042, 141.66710387168453, 142.67060388549356, 143.98500855819933, 145.40480288318912, 146.04593964206742, 146.95775499171884, 149.84794553769402, 150.26985445779738, 145.85658993168343, 139.3344530852114, 137.03875469505982, 131.47123602755494, 129.02756228912023, 125.40052181814727, 120.6021278966132, 117.59731181824048, 115.40753278584161], "4": [292.1500548245614, 279.807222557305, 274.9381143132386, 272.21844641265596, 268.7548580280966, 267.16035350219636, 264.82694046870085, 263.3739709814407, 262.6122206525213, 262.281012204347, 257.3581272749742, 254.7975352749724, 252.25516000183498, 250.73031098803153, 249.2359681840651, 247.00562611408196, 244.42885781317875, 244.1909148017495, 241.59582378405906, 247.05752337699784, 252.66988616079232, 256.2595724160319, 260.660743945807, 263.9738214604023, 269.5497061257659, 272.9214346244675, 275.91554232154095, 280.22062262711455, 282.3800177457347, 285.36026706137, 288.57549356641044, 291.31028078108346, 294.47320632798574, 296.3262728913425, 299.4468278524088, 301.3658785862829, 304.06385345907404, 307.6020106577382, 309.01047065414093, 310.6534549058397, 316.8474665673503, 318.76691030302993, 310.7283231355674, 297.5308418679972, 292.6889299827551, 280.67526618601994, 275.39939163165263, 267.603186238502, 256.9594633307869, 250.5989906832298, 245.67874013241655], "5": [624.009708093764, 596.1207935446905, 585.2890783335394, 579.1492039287307, 571.9132329525331, 567.899853776738, 562.6384550210458, 559.8463669505235, 557.793233955347, 557.0032386082775, 546.5242619908927, 540.934500989567, 535.130562030962, 531.9237991319523, 528.3902979373568, 523.7469513941941, 518.2122874818377, 517.3754585836118, 511.3544335782441, 522.7727932750639, 534.475222847606, 542.4471148611516, 551.9499550914952, 559.0756662608226, 571.4064349937836, 578.2825606976149, 585.2870571582578, 594.4232610841798, 599.1249807025082, 605.4802775655717, 612.6002697201875, 618.6635887425255, 625.4393119747899, 629.5497990439492, 636.3182982097139, 640.3982328537477, 646.3486776734163, 653.7471126344577, 656.870065322509, 660.2849923513986, 673.2149947454731, 678.4183883910248, 662.8235456908075, 635.3948157387956, 624.9826611931537, 598.7728239259718, 587.8720490753119, 570.2120938389754, 547.2788801884391, 532.8152963620927, 522.3993108607079], "6": [1183.0906273035532, 1132.4757302444705, 1112.2538086215436, 1099.8788544252925, 1085.0013643334585, 1077.5437825272154, 1067.300281329109, 1061.324178107072, 1057.1336555620464, 1055.1580247607067, 1034.614109427193, 1023.3340283063427, 1011.4820916994806, 1004.922747026618, 998.084072559505, 988.7599073720396, 978.0588011541514, 976.1956068969474, 964.4334106637306, 986.3464276508287, 1008.7735220313616, 1024.511306364123, 1043.199259948799, 1058.0253564067673, 1082.3165796933743, 1096.3497540012686, 1109.9620874093287, 1128.0215094223408, 1137.5997339134517, 1150.3672857779475, 1164.6009203815217, 1176.6298112905727, 1190.5971446675262, 1198.7212034905872, 1211.9264049818344, 1220.2116052860536, 1232.0319884292892, 1246.3837370567053, 1252.8668636620466, 1259.8800885723374, 1285.815415685052, 1296.1880428552338, 1266.7844350019593, 1213.5848558457474, 1192.7567993840253, 1141.5706081296155, 1118.1739594275211, 1083.5705849369776, 1038.0701537433156, 1009.5244616423646, 988.1933775783041], "7": [1877.9810546587057, 1796.908584200726, 1765.7715482357717, 1746.4493843702253, 1723.1844181315344, 1710.5402641170103, 1694.2120536182385, 1684.4479861142318, 1678.8469572641893, 1675.5552388067529, 1641.6055306213393, 1623.2089894831593, 1605.171328023188, 1594.959610782816, 1583.9308332958853, 1568.3566192386047, 1550.9189591478298, 1548.158009438178, 1529.3824575150916, 1565.7010438979512, 1603.0644203871386, 1628.532660536641, 1658.8115526090119, 1682.638305819487, 1722.2668470730537, 1745.026180665425, 1767.468766371856, 1796.6471826286217, 1812.3295007917934, 1831.801636108989, 1855.9642545387135, 1875.4027966847516, 1897.4652110986437, 1911.33081591761, 1929.0898708296822, 1930.3731254244124, 1929.9298128342245, 1929.4905525846702, 1929.5844362745097, 1929.5621448863637, 1929.0099431818182, 1928.4479897782976, 1928.9798768939395, 1927.7394476540617, 1897.5681651490813, 1813.9391012276126, 1776.8148117201426, 1720.6754096105738, 1647.055807550293, 1600.5432791019218, 1566.2240005092945],