{"timeline": [0.0, 0.0, 3.127, 6.254, 9.381, 12.508, 15.635, 18.762, 21.889, 25.016, 28.143, 31.269, 34.396, 37.523, 40.65, 43.777, 46.904, 50.031, 53.158, 56.285, 59.412, 62.539, 65.666, 68.792, 71.919, 75.046, 78.173, 81.3, 84.427, 87.554, 90.681, 93.808, 96.934, 100.062, 103.188, 106.315, 109.442, 112.569, 115.696, 118.823, 121.95, 125.077, 128.203, 131.331, 134.457, 137.584, 140.711, 143.838, 146.965, 150.092, 153.219, 156.346, 159.473, 162.6, 165.727, 168.853, 171.98, 175.107, 178.234, 181.361, 184.488, 187.615, 190.742, 193.869, 196.996, 200.122, 203.249, 206.376, 209.503, 212.63, 215.757, 218.884, 222.011, 225.138, 228.265, 231.392, 234.519, 237.646, 240.772, 243.899, 247.026, 250.153, 253.28, 256.407, 259.534, 262.661, 265.787, 268.915, 272.041, 275.168, 278.295, 281.422, 284.549, 287.676, 290.803, 293.93, 297.057, 300.184, 303.31, 306.437, 309.564], "Te": [1.2100000000000002, 12.61959522859796, 47.468307701497295, 2700.558562990961, 10.330486782497706, 77.9194200999629, 202.10290837964337, 157.74353966849787, 11.363535460747478, 2700.558562990961, 15.563573913974851, 35.66364214988526, 9.12662687693401, 50.74329078684903, 202.10290837964337, 20.13119624437727, 2700.558562990961, 652.683435371441, 472.02767406450437, 30.32900262327673, 1.858028851873163, 168.62674678610784, 338.13728648318335, 121.9526753045486, 18.653289663386897, 2700.558562990961, 2700.558562990961, 2700.558562990961, 209.9566512987707, 71.51420170588835, 52.21513847164702, 789.7469567994436, 36.34998453829532, 187.26577626361242, 82.50520027085673, 13.36229441051909, 1.2100000000000002, 393.8413935191445, 2700.558562990961, 1.2100000000000002, 109.81442156051034, 646.492248835849, 27.835864388580877, 450.0607283091169, 852.3188808854115, 75.00472751896066, 42.74366871967932, 121.9526753045486, 12.263872299118692, 220.20439361432588, 12.14754037319917, 1.2100000000000002, 9.12662687693401, 3.7974983358324144, 445.79156845259257, 80.17953205361366, 127.90504491743212, 12.14754037319917, 16.637352268080388, 1.2100000000000002, 125.49000526519133, 228.76156239024755, 160.77929460674324, 2700.558562990961, 539.4077978276371, 30.912680532870763, 2700.558562990961, 233.1640504044406, 57.98669917417012, 57.98669917417012, 142.04293198443193, 226.59158927897107, 665.2442474731841, 126.69177068828535, 3.552406962694162, 139.3609477571139, 2700.558562990961, 852.3188808854115, 12.499889006822226, 379.10916647857925, 40.36790249158133, 2700.558562990961, 82.50520027085673, 118.51505609954758, 495.0668011400286, 560.3692486383948, 652.683435371441, 1284.0757827027762, 37.40434344477363, 1.2100000000000002, 2700.558562990961, 11.2557438975967, 13.10999419149996, 187.26577626361242, 129.1299381676654, 12.862457780144503, 38.48928483203674, 276.8014904921996, 7.986574302639846, 1.2100000000000002, 467.5501414327289], "Te_err": [NaN, 33.60295400405919, 71.12637083987886, 26677.108960480295, 19.146087311642383, 73.51765747593937, 141.69049816797676, 214.6922192989206, 9.246390933360605, 12635.342277035033, 23.906068064525172, 47.54746065215969, 9.249301269509546, 35.951889684693974, 367.6749775081503, 19.428498096633643, 29183.33586293083, 461.54968435390555, 520.4824694594997, 18.720517086268124, 11.036236844794438, 1506.0616249482111, 543.4437288225754, 135.4071033856972, 13.513744387492224, 30774.515619408634, 12731.594370854462, 8552.792635188742, 161.54221256638573, 288.26209948693605, 180.49410020734942, 2244.6200907869465, 46.9053651842596, 258.6954172479502, 32.365877745728255, 17.636373195074178, 20.19439881061166, 551.6718164067566, 17943.949402102106, 17.302734391139985, 119.18128666002006, 956.2492934981399, 56.940728193837685, 744.0112300566966, 1333.1222571118878, 107.62355316169801, 65.0101615733986, 139.2810734228291, 23.77891088520308, 877.2998937987159, 15.417840849134018, 5.436554200641649, 13.044710422598385, 4.451506171562222, 746.9319510568714, 99.9138949591363, 199.98109950819168, 41.416324813392286, 24.42229345308236, 18.103678159263946, 155.22013104570493, 729.7955426312204, 206.41757618206495, 18692.16309299922, 325.41940497342074, 37.522087121981286, 8128.079792853157, 258.65237429476633, 55.00983588351535, 74.09760997737165, 103.6146617551229, 329.9244312860361, 624.1948598389515, 408.4288464080962, 26.418924387627186, 105.13535548711428, 15270.439828571129, 659.37083943853, 10.729955379771672, 404.1482212126184, 52.38379274211, 20903.88351449725, 166.88347954263, 239.61990464139268, 1080.5284235820936, 772.7335125621266, 391.54346236843236, 1920.598978320446, 58.05850050477059, 51.718059392665, 29021.490777787003, 11.995000021940282, 19.49595706140302, 319.87960112539866, 178.115131499221, 16.47615518699687, 35.69779751347832, 1069.229793676906, 8.71048818401956, 12.917358770599174, 579.9816778603144]}