{"timeline": [0.0, 0.0, 3.127, 6.254, 9.381, 12.508, 15.635, 18.762, 21.889, 25.016, 28.143, 31.269, 34.396, 37.523, 40.65, 43.777, 46.904, 50.031, 53.158, 56.285, 59.412, 62.539, 65.666, 68.793, 71.919, 75.046, 78.173, 81.3, 84.427, 87.554, 90.681, 93.808, 96.935, 100.062, 103.189, 106.315, 109.442, 112.569, 115.696, 118.823, 121.95, 125.077, 128.204, 131.331, 134.458, 137.585, 140.711, 143.839, 146.965, 150.092, 153.219, 156.346, 159.473, 162.6, 165.727, 168.854, 171.981, 175.108, 178.235, 181.361, 184.488, 187.615, 190.742, 193.869, 196.996, 200.123, 203.25, 206.377, 209.504, 212.631, 215.758, 218.884, 222.012, 225.138, 228.265, 231.392, 234.519, 237.646, 240.773, 243.9, 247.027, 250.154, 253.28, 256.408, 259.534, 262.661, 265.788, 268.915, 272.042, 275.169, 278.296, 281.423, 284.55, 287.677, 290.803, 293.93, 297.057, 300.184, 303.311, 306.438, 309.565], "Te": [1.2100000000000002, 17.95553543313968, 19.194342495775096, 11.805123792536607, 7.0558614729169475, 46.13026435168093, 2700.558562990961, 75.72301650070385, 202.10290837964337, 7.123432514374586, 12.61959522859796, 14.839285481933619, 12.862457780144503, 7.835775765812045, 9.04005405100701, 6.23360895904242, 4.137623871906718, 26.794622201266154, 16.479534640471332, 6.293305631237435, 9.12662687693401, 3.2603880745723566, 6.922636194361179, 13.490259529030562, 10.529295724723498, 17.44940226888645, 5.403193580393733, 44.829937956453406, 25.06529142419564, 7.835775765812045, 15.415941870567679, 12.985636171790269, 24.827528541967972, 2.7726926501510816, 16.479534640471332, 3.6904539173510904, 6.922636194361179, 27.835864388580877, 33.681395910182864, 97.01723378487254, 117.39085287969579, 271.5750619664947, 322.4012526907346, 319.34303765639555, 310.3413510883105, 351.27734142203514, 441.56290474410787, 458.72209143908094, 599.0308293794346, 678.0467908524578, 678.0467908524578, 678.0467908524578, 678.0467908524578, 599.0308293794346, 593.3485776104009, 646.492248835849, 622.3092382469623, 593.3485776104009, 560.3692486383948, 433.225532871059, 33.681395910182864, 10.330486782497706, 2700.558562990961, 1.2100000000000002, 153.2970425328253, 14.98139512770121, 5.403193580393733, 8.537592382229507, 2700.558562990961, 2700.558562990961, 2700.558562990961, 9.75630065498893, 26.5404553338255, 5.351940281273166, 2700.558562990961, 2700.558562990961, 28.371562160772058, 20.13119624437727, 2700.558562990961, 22.356382742770244, 14.148703558158955, 1.2100000000000002, 2700.558562990961, 19.01226991911814, 2700.558562990961, 2700.558562990961, 106.7189571633598, 12.985636171790269, 5.301173157713708, 11.918176537727234, 2700.558562990961, 30.041309535781252, 2700.558562990961, 7.123432514374586, 2700.558562990961, 17.616507914121645, 13.881554751457758, 28.91756937042579, 2700.558562990961, 4.865400255702878, 797.3100339040277], "Te_err": [NaN, 9.744089632369578, 10.819865872374049, 5.517264840937735, 3.472379415314946, 21.287797845986194, 4490.912900270603, 35.574048337562786, 421.31622462258906, 3.8521432371106332, 7.0283804705184805, 5.660404306477086, 4.934316765267015, 3.263206657906318, 3.2357024377018675, 2.1640972598834813, 1.4903307630029747, 10.825791098736666, 8.409257744490338, 2.5479967795368457, 8.048366451445506, 1.3155818610584908, 3.8627863709102104, 11.442636331204243, 5.5542797686442364, 8.105960546521386, 6.333448578534921, 16.794852503842815, 8.726428901907946, 4.249324577738242, 6.895012435189969, 3.589356327456222, 13.472646321318015, 0.9079632142942278, 10.81595652084555, 2.0784966710433688, 0.6088897519748072, 2.238435235027899, 1.3743182940542982, 3.4164104218318396, 3.0677903670172144, 7.730406728447897, 11.937676824771067, 10.171006301522626, 11.240378874165765, 9.381235040724027, 13.644319173300556, 13.561950666759124, 15.5711188155597, 17.56268689129655, 19.254358918269347, 20.308072387488302, 17.525028155665712, 14.975091222147976, 14.068731787613057, 19.5931345460156, 16.713522452942588, 15.255564045063032, 19.792245215704003, 16.272880304182117, 16.27349421133899, 7.550754036137694, 1515.2916735239232, 22.18362188207838, 90.41429066899998, 6.964953070917801, 3.5866408376749117, 3.315717537560092, 765.3889747227257, 2147.0930112042, 3201.456381639748, 4.736312205671004, 25.845411753532424, 1.549993857582078, 556.7751920696702, 2812.1496166836278, 13.71730276320231, 14.658585322722809, 2751.0495478359617, 9.903540887082194, 10.577822462907388, 5.7284274043119465, 1458.7862981257006, 9.382997205276105, 3579.189664524479, 2847.974576172482, 75.93763601464966, 8.576205832275354, 2.1481750275731617, 7.8412639996452675, 1339.1253165769708, 9.792174589431275, 4251.408755716731, 5.670170543631067, 3180.4751955099964, 8.534931495296046, 5.329024449985022, 20.72569561407645, 4062.617223672933, 1.4075576369753058, 30.67866570563509]}