{"timeline": [0.0, 0.0, 3.127, 6.254, 9.381, 12.508, 15.635, 18.762, 21.889, 25.015, 28.142, 31.269, 34.396, 37.523, 40.65, 43.777, 46.904, 50.031, 53.157, 56.285, 59.411, 62.538, 65.665, 68.792, 71.919, 75.046, 78.173, 81.3, 84.427, 87.554, 90.681, 93.808, 96.934, 100.061, 103.188, 106.315, 109.442, 112.569, 115.696, 118.823, 121.95, 125.077, 128.204, 131.331, 134.458, 137.584, 140.711, 143.838, 146.965, 150.092, 153.219, 156.346, 159.473, 162.599, 165.727, 168.853, 171.98, 175.107, 178.234, 181.361, 184.488, 187.615, 190.742, 193.869, 196.996, 200.123, 203.25, 206.376, 209.503, 212.63, 215.757, 218.884, 222.011, 225.138, 228.265, 231.392, 234.519, 237.646, 240.773, 243.9, 247.026, 250.153, 253.28, 256.407, 259.534, 262.661, 265.788, 268.915, 272.042, 275.169, 278.295, 281.422, 284.549, 287.676, 290.803, 293.93, 297.057, 300.184, 303.311, 306.438, 309.565], "Te": [1.2100000000000002, 12.862457780144503, 30.32900262327673, 21.113776745352606, 16.01500719465604, 17.785213860400912, 27.051223118752, 5.55991731349224, 11.472359298725419, 7.330053084138939, 1.7885265005608055, 24.127686667114087, 43.98348129133734, 4.773534179981388, 12.38131828735637, 8.456606985422011, 14.839285481933619, 35.66364214988526, 5.301173157713708, 17.283881744652852, 97.01723378487254, 10.938465401718485, 22.78662856745058, 7.6878245322018275, 18.831924435909574, 22.78662856745058, 429.1160673313679, 5.1028748380704965, 77.9194200999629, 9.944059456107713, 56.352161922585005, 11.043218521090154, 7.0558614729169475, 52.71518106742738, 789.7469567994436, 12.032311941890335, 11.472359298725419, 70.16390600074585, 224.4421999723096, 168.62674678610784, 256.4804554448847, 268.99897105330535, 472.02767406450437, 544.5734812540314, 358.0376304719495, 401.42082249464346, 495.0668011400286, 514.3051555760018, 610.5591037054169, 678.0467908524578, 789.7469567994436, 652.683435371441, 671.6150140759587, 767.4854582385865, 782.2556210913774, 812.6541670319101, 820.4366169314741, 804.9455394425529, 992.7283064870837, 836.2258182933879, 919.8484001227267, 789.7469567994436, 877.0410372944306, 844.2340040624453, 812.6541670319101, 868.7216524793881, 820.4366169314741, 711.1414737194339, 752.9941782788245, 774.835346259465, 671.6150140759587, 652.683435371441, 634.2855026765177, 310.3413510883105, 11.918176537727234, 14.839285481933619, 11.148974817380628, 4.55138625909739, 2700.558562990961, 6.174478554065301, 15.415941870567679, 2700.558562990961, 9.04005405100701, 2700.558562990961, 5.55991731349224, 12.740447826915435, 2700.558562990961, 14.559097449687306, 2700.558562990961, 23.672119648193625, 6.23360895904242, 25.06529142419564, 17.785213860400912, 17.616507914121645, 94.28249832095514, 2700.558562990961, 114.08182296835574, 7.614899813797298, 12.740447826915435, 5.943512938433107, 2700.558562990961], "Te_err": [NaN, 5.587296342273753, 8.231282802411352, 11.070061098875627, 5.626809757925105, 8.003083236340647, 12.069334781643425, 1.6803555398529568, 5.40785937075383, 3.301103317533435, 0.9717933671163271, 14.923697177166021, 22.546928235260808, 2.6050430559342663, 9.808443150897553, 3.143592522307006, 6.362993029141725, 14.08481657388292, 17.85786562223615, 6.153973413093221, 50.525322168005154, 8.488968336696635, 10.602401351109334, 3.2619658282345005, 8.947634784212498, 9.431281475945545, 161.51803953920358, 2.676973966095415, 35.03427516473303, 5.324013976992221, 21.49720538653987, 3.789758198686047, 2.401027654730822, 49.504185323353965, 437.2725437907438, 5.373828747441813, 1.8075701776490376, 15.817234004858598, 22.125753117671728, 17.003244945525825, 19.83246993195766, 14.389796460898804, 21.75725132048735, 18.42539500363713, 17.344491117505907, 21.39475293584608, 34.60938797839686, 32.27283073783976, 27.27924938530192, 24.065384584795346, 29.06781788883222, 25.12758851008167, 32.22057240246641, 28.44170720246072, 32.31025200866807, 36.31059416112487, 35.06839318953461, 35.749613025191614, 42.79841168646147, 31.11242058587295, 32.7227379898131, 27.07215821901412, 27.300730652824612, 24.174044265112435, 23.198335666192747, 26.831190528281425, 23.395580305978573, 22.552303873573873, 25.550907953713768, 25.299389349578107, 21.823425759552123, 23.788310982935037, 24.174805478379678, 21.54484810168466, 9.627638516258475, 6.440316994100455, 5.130428842490364, 1.9774742299324117, 2350.146125139283, 3.014024154726392, 25.13455055884913, 2029.0605227621254, 5.479936319211309, 851.3841446815202, 1.6042325611305095, 9.397893536433237, 389.9007586330688, 5.43292294807192, 592.3134116646786, 14.031661504274387, 2.169778011751041, 10.675383262101832, 7.145140107677806, 8.978374818106806, 68.02280228437405, 3952.4978290010845, 55.8596494344123, 2.141145562754468, 7.78825476820354, 2.7781353133434843, 4069.1889833380587]}