{"timeline": [0.0, 0.0, 3.127, 6.254, 9.381, 12.508, 15.635, 18.762, 21.889, 25.016, 28.142, 31.27, 34.396, 37.523, 40.65, 43.777, 46.904, 50.031, 53.158, 56.285, 59.412, 62.539, 65.665, 68.792, 71.919, 75.046, 78.173, 81.3, 84.427, 87.554, 90.681, 93.808, 96.935, 100.062, 103.189, 106.315, 109.442, 112.569, 115.696, 118.823, 121.95, 125.077, 128.204, 131.331, 134.458, 137.584, 140.711, 143.838, 146.965, 150.092, 153.219, 156.346, 159.473, 162.6, 165.727, 168.854, 171.981, 175.108, 178.234, 181.361, 184.488, 187.615, 190.742, 193.869, 196.996, 200.123, 203.25, 206.377, 209.504, 212.631, 215.757, 218.884, 222.011, 225.138, 228.265, 231.392, 234.519, 237.646, 240.773, 243.9, 247.027, 250.153, 253.281, 256.407, 259.534, 262.661, 265.788, 268.915, 272.042, 275.169, 278.296, 281.423, 284.55, 287.676, 290.803, 293.93, 297.057, 300.184, 303.311, 306.438, 309.565], "Te": [1.2100000000000002, 40.36790249158133, 23.22515441988787, 26.5404553338255, 7.400249944258173, 7.6878245322018275, 28.10243684806433, 16.323214030126984, 9.39135162045246, 5.666917235493108, 18.301087494888428, 3.761476247187925, 4.46544923999482, 47.92289187947943, 19.194342495775096, 16.323214030126984, 30.912680532870763, 5.1028748380704965, 21.72619787409901, 9.12662687693401, 24.827528541967972, 204.0383636111905, 11.363535460747478, 17.283881744652852, 7.5426668404413295, 51.22923811144091, 14.698523851570998, 5.201079034080524, 3.021030763983381, 1.2100000000000002, 26.03933161301299, 50.26195303309954, 18.301087494888428, 16.1683762367281, 8.14027493868399, 6.4144195208335875, 4.55138625909739, 34.3295902145342, 97.94632735499799, 202.10290837964337, 209.9566512987707, 213.99724112157529, 379.10916647857925, 393.8413935191445, 445.79156845259257, 425.04558312066257, 504.5943005829891, 565.7356711336021, 634.2855026765177, 704.3957693267863, 782.2556210913774, 804.9455394425529, 828.293596106707, 885.4400933868083, 885.4400933868083, 893.9195837351011, 937.5507689739528, 1002.2352512891156, 1011.8332401349994, 1011.8332401349994, 1123.6754594071149, 1071.3825129980382, 992.7283064870837, 885.4400933868083, 911.1229557173777, 946.5293015205667, 946.5293015205667, 919.8484001227267, 937.5507689739528, 946.5293015205667, 885.4400933868083, 983.3115421086113, 868.7216524793881, 782.2556210913774, 804.9455394425529, 167.02719700796968, 10.232494452360635, 2700.558562990961, 2700.558562990961, 11.58222529719585, 27.835864388580877, 2700.558562990961, 2700.558562990961, 10.232494452360635, 11.805123792536607, 125.49000526519133, 2700.558562990961, 4.217251932289665, 35.325346049321745, 2700.558562990961, 2700.558562990961, 27.051223118752, 60.2400691612424, 2700.558562990961, 46.13026435168093, 11.043218521090154, 2700.558562990961, 7.400249944258173, 5.83129047348508, 11.2557438975967, 10.039289564627412], "Te_err": [NaN, 30.63468851661971, 7.21852214546354, 16.204195561680518, 3.606148784685171, 2.8525677818823176, 9.278792531761225, 14.603803064779983, 10.138019503735409, 1.6916851053305442, 4.976191626188131, 3.1906435495718926, 3.176482039675074, 17.303463725115588, 10.606845017151775, 14.613653174540138, 18.795496133821015, 2.2455046704050403, 6.450169241843073, 3.4941524038962157, 8.710429699464093, 185.9605741147061, 8.217804705131652, 17.916636358521547, 4.32921456835488, 23.879411825166844, 5.910917029771637, 1.9249094715702324, 1.3918299838711476, 3.5465196434876707, 9.360299966005325, 20.41455441551216, 10.824305402876613, 4.565864496855865, 3.249265275567481, 3.086056651244009, 0.5217382562829308, 3.1548596378191247, 7.984761107392522, 10.505776353406494, 8.080983071745912, 7.016994162929555, 10.429164111937638, 11.232350450296222, 16.500025150235395, 14.541886856536513, 16.6733924797052, 18.993416178278615, 17.12465523135582, 18.410761040922928, 25.4781133202177, 25.027436291597205, 25.53428056690415, 29.803205553350633, 29.771222401966078, 29.815724455240957, 30.384440333988206, 35.026316916118624, 36.967336792740625, 36.72525834039958, 44.07821981932656, 37.90553315039941, 33.54047875640756, 28.035037062982955, 33.25178459196613, 37.352479581163486, 38.33508393851856, 34.51352877334856, 40.00832140541164, 38.83673759785111, 37.448972517272196, 46.372706668313306, 40.64271492840927, 35.558982671453535, 38.64514736789437, 22.468262910685585, 3.852143641805442, 3656.335785565556, 6967.830557541186, 6.221143512234147, 11.32891444969624, 1132.7952638371498, 5768.6263784805815, 5.287484129216442, 7.809208059436801, 53.916207768260136, 3758.55053599321, 1.7325743491675563, 19.238233155988652, 886.3707298906382, 3762.46907731436, 11.067203996659234, 31.09504884032575, 9431.34196589053, 34.25705601225071, 4.106302686031799, 5050.501420472337, 2.7614149531685506, 3.0624491632709994, 6.584730805339654, 4.236999346471572]}