{"timeline": [0.0, 0.0, 3.126, 6.253, 9.38, 12.507, 15.634, 18.761, 21.888, 25.015, 28.142, 31.269, 34.396, 37.522, 40.649, 43.776, 46.903, 50.03, 53.157, 56.284, 59.411, 62.538, 65.665, 68.792, 71.919, 75.045, 78.172, 81.299, 84.426, 87.553, 90.68, 93.807, 96.934, 100.061, 103.188, 106.315, 109.442, 112.568, 115.695, 118.822, 121.949, 125.076, 128.203, 131.33, 134.457, 137.584, 140.711, 143.837, 146.964, 150.091, 153.218, 156.345, 159.472, 162.599, 165.726, 168.853, 171.98, 175.107, 178.234, 181.361, 184.488, 187.615, 190.741, 193.868, 196.995, 200.122, 203.249, 206.376, 209.503, 212.63, 215.757, 218.884, 222.01, 225.137, 228.264, 231.391, 234.518, 237.645, 240.772, 243.899, 247.026, 250.153, 253.28, 256.406, 259.534, 262.66, 265.787, 268.914, 272.041, 275.168, 278.295, 281.422, 284.549, 287.676, 290.803, 293.929, 297.056, 300.183, 303.31, 306.437, 309.564], "Te": [1.2100000000000002, 25.06529142419564, 10.630130396813637, 38.124185414612334, 10.039289564627412, 29.47408442139277, 251.63771862927234, 29.47408442139277, 7.761447620208642, 3.6207725959386017, 3.323133840381719, 458.72209143908094, 118.51505609954758, 150.40256376909076, 8.701897293159915, 20.13119624437727, 5.887134309400483, 16.95753605762445, 88.19748525897502, 65.01291064171669, 9.12662687693401, 9.572087022475907, 25.792329237065506, 3.1988270432082815, 12.032311941890335, 3.7974983358324144, 9.481288676632575, 9.84973267580763, 1.2100000000000002, 7.835775765812045, 5.943512938433107, 12.14754037319917, 8.701897293159915, 9.663754906194216, 7.910815721054467, 10.834705943388395, 13.36229441051909, 54.763699237493086, 21.72619787409901, 88.19748525897502, 96.09695335644786, 256.4804554448847, 298.73256816314415, 298.73256816314415, 325.48875497449956, 371.9510151315017, 454.3707721283956, 514.3051555760018, 529.222967187668, 555.0537306412881, 628.2688341798555, 678.0467908524578, 652.683435371441, 724.8273035491161, 797.3100339040277, 828.293596106707, 820.4366169314741, 782.2556210913774, 711.1414737194339, 678.0467908524578, 717.9517789085851, 684.5401620716585, 724.8273035491161, 782.2556210913774, 782.2556210913774, 782.2556210913774, 797.3100339040277, 760.2052893576252, 760.2052893576252, 691.0957175978411, 704.3957693267863, 671.6150140759587, 658.9339123173781, 628.2688341798555, 18.653289663386897, 13.490259529030562, 7.400249944258173, 5.507177373507842, 2700.558562990961, 7.910815721054467, 2700.558562990961, 6.922636194361179, 5.301173157713708, 2700.558562990961, 11.2557438975967, 261.41639013239393, 7.191650655504061, 2700.558562990961, 2700.558562990961, 10.834705943388395, 2700.558562990961, 34.6583503769203, 8.14027493868399, 9.12662687693401, 3.5187097475291096, 2700.558562990961, 29.7563454306272, 43.98348129133734, 7.986574302639846, 8.218230955460918, 173.51789363534766], "Te_err": [NaN, 8.306052401482498, 5.173034268564022, 20.15696707771966, 4.284744444848584, 12.993520443995038, 157.57351459254042, 15.672310016856201, 3.3894254919385, 1.2539396866732555, 1.1746371809482572, 278.5964516127242, 50.95180052091436, 107.55489769146659, 5.555731631036769, 7.639707590740581, 1.5150031915450153, 6.348281499644537, 31.32255413294698, 21.04267105005686, 3.860265902699357, 4.344359239736183, 12.209581162920932, 1.7083615447423117, 7.222960846507543, 1.4493415654170738, 2.852678031056075, 6.197844278828962, 6.7314245312336745, 3.5243645302224325, 2.3503431746941392, 7.593484775275637, 3.8168680028653847, 5.16069209756409, 4.230275516127955, 7.847935228473656, 2.0009094428191334, 4.92152628139961, 0.871430256063976, 3.0489688499997056, 2.8006791494747407, 8.041603629706659, 10.48668673404196, 12.968320016871475, 9.662836121021463, 11.371190201606309, 14.111032290296588, 12.956491777351244, 11.805427391410637, 15.140361548576378, 19.336268429308554, 17.804103292135512, 18.291575102920092, 18.973010059054307, 21.182167714570518, 21.359043056804072, 20.97603528027352, 21.834559494489937, 17.699688164615544, 15.858058802799672, 21.449193520959263, 17.629039540195606, 20.86306381007368, 22.425337562815155, 22.046895390681765, 23.164806960132992, 24.213812654097314, 20.782888575165302, 18.870163414439, 17.659657178618435, 18.443646395868715, 16.75030286160905, 17.015375811964162, 19.197645329238195, 10.062611293261286, 8.037339453546991, 3.1504135105599493, 2.267210735684963, 4399.572121158213, 3.6406497485878218, 1929.3981019690423, 2.32181588942586, 2.0442597310014134, 3450.3163304833242, 7.892695134805547, 195.4857532538898, 7.622949506254164, 4442.647821900349, 4641.446112701329, 5.346460222896076, 2305.9616408611773, 29.421237203382088, 3.30631743129863, 5.105561348900817, 1.6714806002246687, 3256.6261285967616, 12.555925333269956, 27.206496436885626, 2.5114492378422844, 2.953240545584068, 80.4541296408]}