{"timeline": [0.0, 0.0, 3.127, 6.254, 9.381, 12.508, 15.635, 18.762, 21.889, 25.016, 28.142, 31.269, 34.396, 37.523, 40.65, 40.65, 46.904, 50.031, 53.158, 56.285, 59.412, 62.539, 65.665, 68.792, 71.919, 75.046, 78.173, 81.3, 84.427, 87.554, 90.681, 93.808, 96.934, 100.062, 103.188, 106.315, 109.442, 112.569, 115.696, 118.823, 121.95, 125.077, 128.204, 131.331, 134.458, 137.584, 140.712, 143.838, 146.965, 150.092, 153.219, 156.346, 159.473, 162.6, 165.727, 168.854, 171.981, 175.107, 178.235, 181.361, 184.488, 187.615, 190.742, 193.869, 196.996, 200.123, 203.25, 206.377, 209.503, 212.63, 215.757, 218.885, 222.011, 225.138, 228.265, 231.392, 234.519, 237.646, 240.773, 243.9, 247.026, 250.154, 253.28, 256.407, 259.534, 262.661, 265.788, 268.915, 272.042, 275.169, 278.296, 281.423, 284.549, 287.676, 290.803, 293.93, 297.057, 300.184, 303.311, 306.438, 309.565], "Te": [1.2100000000000002, 139.3609477571139, 9.302267683964214, 7.123432514374586, 15.269710226603536, 9.944059456107713, 25.792329237065506, 7.5426668404413295, 19.37815870553381, 10.232494452360635, 28.371562160772058, 25.54766986187666, 42.33821331524042, 8.701897293159915, 7.0558614729169475, 17.283881744652852, 10.232494452360635, 29.47408442139277, 31.80932630746837, 36.34998453829532, 7.835775765812045, 8.218230955460918, 38.48928483203674, 3.7257958547748906, 8.14027493868399, 25.30533126234625, 9.214028774694732, 12.14754037319917, 8.869364231808119, 11.472359298725419, 57.98669917417012, 4.339576527255807, 27.310281396164772, 30.912680532870763, 5.943512938433107, 2700.558562990961, 6.988931392910752, 34.6583503769203, 61.39938185208733, 102.72697477569204, 95.18540247053743, 246.88641996954055, 338.13728648318335, 293.0920479006678, 364.92802044967584, 390.10551575578893, 463.1150815193344, 476.54808615816495, 571.1534856180504, 634.2855026765177, 628.2688341798555, 724.8273035491161, 646.492248835849, 671.6150140759587, 697.7140529441696, 593.3485776104009, 610.5591037054169, 524.2028947739815, 582.1452639064349, 582.1452639064349, 555.0537306412881, 593.3485776104009, 544.5734812540314, 23.447572033695913, 2700.558562990961, 2700.558562990961, 2700.558562990961, 2700.558562990961, 2700.558562990961, 2700.558562990961, 2700.558562990961, 2700.558562990961, 2700.558562990961, 2700.558562990961, 2700.558562990961, 2700.558562990961, 2700.558562990961, 2700.558562990961, 2550.4568982735163, 2700.558562990961, 2700.558562990961, 2700.558562990961, 2700.558562990961, 2700.558562990961, 2700.558562990961, 2700.558562990961, 1741.9963788494745, 2700.558562990961, 2700.558562990961, 2700.558562990961, 724.8273035491161, 2700.558562990961, 2700.558562990961, 2700.558562990961, 2700.558562990961, 2700.558562990961, 2700.558562990961, 2700.558562990961, 2700.558562990961, 2700.558562990961, 2700.558562990961], "Te_err": [NaN, 72.38583821091972, 3.6460074971849155, 2.572431610272484, 6.829273280566258, 4.959715236516068, 9.993423803719667, 3.0032261433639786, 5.1292608081094615, 5.871325602667083, 13.484895889039912, 18.26483359920853, 13.806393821093117, 6.254514008130481, 3.658430201544817, 7.280574624122277, 5.857228673151905, 11.413433307312676, 13.277745345711782, 16.985937894413773, 2.9253121392938946, 3.2659147321394526, 30.935234693032545, 6.732135443007235, 3.822595044445229, 8.56904043669782, 4.861737349566468, 6.265956287584501, 3.8056062791108314, 13.157047282120832, 33.967205583657226, 1.8412828195922881, 25.21995266823758, 27.03810065169242, 2.0133057390621483, 5234.130009267344, 0.6558530123269842, 2.7188104414369243, 3.439945871930939, 4.426085851536676, 3.0906584163509416, 7.669462144064228, 12.345688943629321, 11.197552833449937, 11.562624815256193, 12.854385785909814, 12.826794346832527, 11.640868830852385, 15.210128045993608, 16.356371149140745, 16.838556688852737, 21.87158327675463, 16.883694747906567, 17.319475719607443, 17.609029653707793, 19.22561928265568, 16.754209694640622, 16.83507004364997, 17.614261470658427, 20.280566393730187, 18.983094213300056, 20.89767172983167, 18.250671615553294, 11.749735130803606, 513.3875870816103, 761.0990080190023, 1782.2938318099855, 1281.4958111554024, 1661.4194781519573, 675.2713028956497, 996.6077761396818, 1823.1836236686988, 6000.570644700732, 176.5483521969095, 947.9021203174956, 2958.187072157495, 1582.6642804713588, 6499.57518505983, 1452.581647929604, 1197.2204301254646, 361.03350908816054, 947.6094411441699, 1953.7832864560073, 1262.4898153234467, 161.5733870420186, 965.8230232264152, 68.77286502113493, 2230.9102043603816, 1157.0175084473165, 1963.2830336256227, 14.263383631364706, 1587.8592538546927, 2597.9764607751326, 2654.3554092601003, 794.0619799102471, 407.50555216275194, 2865.5708585182288, 1612.6728822216123, 1685.5054063590987, 1768.588434899221, 387.04079498407987]}