{"timeline": [3.73, 3.73, 6.856999999999999, 9.984, 13.111, 16.238, 19.365, 22.492, 25.619, 28.746, 31.873, 34.998999999999995, 38.126, 41.253, 44.379999999999995, 47.507, 50.634, 53.760999999999996, 56.888, 60.01499999999999, 63.141999999999996, 66.269, 69.396, 72.522, 75.649, 78.77600000000001, 81.903, 85.03, 88.15700000000001, 91.284, 94.411, 97.53800000000001, 100.665, 103.792, 106.918, 110.045, 113.172, 116.299, 119.426, 122.553, 125.68, 128.807, 131.934, 135.06099999999998, 138.188, 141.314, 144.441, 147.56799999999998, 150.695, 153.822, 156.94899999999998, 156.94899999999998, 163.203, 166.32999999999998, 169.457, 172.584, 175.71099999999998, 178.838, 181.964, 185.09099999999998, 188.218, 191.345, 194.47199999999998, 197.599, 200.726, 203.85299999999998, 206.98, 210.106, 213.23299999999998, 216.35999999999999, 219.487, 222.61399999999998, 225.74099999999999, 228.868, 231.99499999999998, 235.12199999999999, 238.249, 241.37599999999998, 244.503, 247.63, 250.75699999999998, 253.88299999999998, 257.01, 260.137, 263.264, 266.391, 269.51800000000003, 272.64500000000004, 275.772, 278.899, 282.026, 285.15200000000004, 288.279, 291.406, 294.533, 297.66, 300.78700000000003, 303.91400000000004, 307.041, 310.168, 313.295], "Te": [1.2100000000000002, 19.01226991911814, 127.90504491743212, 19.75108897645365, 9.944059456107713, 87.36086668767986, 11.693143436495003, 51.22923811144091, 19.37815870553381, 90.75572029794242, 13.61945011609201, 23.672119648193625, 582.1452639064349, 17.95553543313968, 2.8531167061100025, 16.323214030126984, 142.04293198443193, 6.856969854946662, 11.693143436495003, 29.47408442139277, 129.1299381676654, 3.5187097475291096, 12.61959522859796, 20.518618629725587, 127.90504491743212, 47.018035591647255, 5.721186937488577, 57.43665231881173, 10.039289564627412, 8.063058392552833, 7.400249944258173, 52.71518106742738, 7.835775765812045, 40.36790249158133, 12.14754037319917, 13.490259529030562, 4.020991946861881, 22.356382742770244, 28.643264774314293, 98.88431846660521, 114.08182296835574, 211.96731854949144, 304.48163954141955, 298.73256816314415, 304.48163954141955, 351.27734142203514, 437.37435304765944, 504.5943005829891, 565.7356711336021, 646.492248835849, 571.1534856180504, 599.0308293794346, 616.4061735022343, 628.2688341798555, 738.7765154835546, 691.0957175978411, 658.9339123173781, 55.817619865533935, 634.2855026765177, 697.7140529441696, 628.2688341798555, 691.0957175978411, 717.9517789085851, 652.683435371441, 665.2442474731841, 711.1414737194339, 691.0957175978411, 691.0957175978411, 704.3957693267863, 684.5401620716585, 658.9339123173781, 658.9339123173781, 646.492248835849, 640.3597902970785, 499.80784934123517, 534.291114740371, 347.9452152662164, 12.740447826915435, 4.42309114154807, 7.614899813797298, 9.04005405100701, 30.619450827438968, 35.66364214988526, 16.95753605762445, 2700.558562990961, 176.85722406741758, 7.835775765812045, 4.594972986357222, 10.529295724723498, 21.72619787409901, 4.959034282705381, 20.13119624437727, 752.9941782788245, 27.310281396164772, 142.04293198443193, 8.537592382229507, 20.518618629725587, 2700.558562990961, 5.721186937488577, 7.123432514374586, 20.71511687950053], "Te_err": [NaN, 8.362342732959412, 55.428545303218215, 9.180468939904772, 5.819003695776183, 93.76954069828965, 5.404647869988194, 29.85320982436495, 10.284825880793012, 70.38830125633334, 6.4918318252939065, 17.454539335794617, 311.9887708070072, 10.056273307132656, 1.7405625732457366, 4.857770487342476, 64.78140893698232, 2.63187324846695, 6.490118922104024, 12.675272397568888, 44.39512915160493, 1.044149531773095, 9.793224506025766, 9.5748886858172, 66.93204633396964, 24.207534138756024, 2.2964352817536335, 32.385854606103756, 4.076243398702016, 2.642604448598114, 3.244302431675999, 21.154602157244813, 2.8951596614770767, 16.23159435974815, 6.174119061186114, 7.2031979571732885, 0.4345556498721028, 1.836092798559231, 1.522620176322082, 4.00978202268185, 3.9125660458857787, 8.467510686228504, 12.090224738737666, 16.259203207531456, 11.5548104423757, 13.582654117940052, 14.290266501493338, 15.39484948608728, 14.715777349196077, 17.515893042480553, 18.731752437799653, 21.77074951224775, 16.875593555693094, 18.371677578989388, 22.39645464237277, 17.85006399628732, 16.741499054378174, 3.1647817923938897, 23.766512538334272, 22.028897195377773, 16.937469610267552, 18.741635686312847, 21.729591102849202, 15.45254519243597, 18.236728501368834, 20.42959419367012, 18.91789300106077, 20.456108678537912, 17.403371335594322, 18.552302266537122, 17.58236760813386, 17.2194711566461, 20.13004772393535, 17.76874692824565, 12.93435784091915, 19.660870080595544, 16.99399591594572, 37.74025330624203, 2.082518845929869, 4.08414986936393, 3.984112075313575, 15.983721819675898, 23.156836859772824, 8.82207330306679, 2589.1499857125473, 66.02006673546403, 6.197033697244956, 1.8763897223309776, 5.138764629122402, 11.688303909008654, 2.907192562451219, 9.351681607968562, 451.0366151268335, 9.659268482082856, 77.64999545082374, 3.5656771331025094, 8.193431572244833, 4546.092241356951, 1.6889542203431482, 3.3223841186397256, 26.473222345218627]}