{"timeline": [0.0, 0.0, 3.127, 6.254, 9.381, 12.508, 15.635, 18.761, 21.889, 25.015, 28.142, 31.269, 34.396, 37.523, 40.65, 43.777, 46.904, 50.031, 53.158, 56.285, 59.411, 62.539, 65.666, 68.792, 71.919, 75.046, 78.173, 81.3, 84.427, 87.554, 90.681, 93.808, 96.934, 100.061, 103.188, 106.315, 109.442, 112.569, 115.696, 118.823, 121.95, 125.077, 128.204, 131.33, 134.457, 137.584, 140.711, 143.838, 146.965, 150.092, 153.219, 156.346, 159.473, 162.6, 165.727, 168.854, 171.98, 175.107, 178.234, 181.361, 184.488, 187.615, 190.742, 193.869, 196.996, 200.123, 203.25, 206.377, 209.503, 212.63, 215.757, 218.884, 222.011, 225.138, 228.265, 231.392, 234.519, 237.646, 240.773, 243.899, 247.026, 250.153, 253.28, 256.407, 259.534, 262.661, 265.788, 268.915, 272.042, 275.169, 278.295, 281.422, 284.549, 287.676, 290.803, 293.93, 297.057, 300.184, 303.311, 306.438, 309.565], "Te": [1.2100000000000002, 176.85722406741758, 36.00517797105892, 2.79924557083012, 13.36229441051909, 18.831924435909574, 5.454937710975919, 77.18029660082045, 8.218230955460918, 104.70394271759118, 106.7189571633598, 24.827528541967972, 86.53218406412493, 22.356382742770244, 1.2100000000000002, 6.791926409471832, 16.95753605762445, 2700.558562990961, 30.32900262327673, 22.356382742770244, 5.351940281273166, 4.959034282705381, 5.507177373507842, 15.712619767866228, 25.30533126234625, 40.36790249158133, 15.415941870567679, 7.986574302639846, 18.653289663386897, 4.339576527255807, 33.36190288560441, 48.38182942047108, 11.363535460747478, 6.0578951108586265, 14.839285481933619, 2700.558562990961, 13.235543136079368, 51.719839150811985, 26.794622201266154, 100.78733496243686, 112.99967225326127, 246.88641996954055, 304.48163954141955, 307.3975331665303, 328.6058249794586, 386.4050755642387, 441.56290474410787, 519.2304414709548, 539.4077978276371, 616.4061735022343, 576.6231842513797, 658.9339123173781, 646.492248835849, 691.0957175978411, 691.0957175978411, 738.7765154835546, 745.8514699377035, 684.5401620716585, 767.4854582385865, 684.5401620716585, 640.3597902970785, 717.9517789085851, 731.7686722205026, 691.0957175978411, 724.8273035491161, 671.6150140759587, 684.5401620716585, 665.2442474731841, 678.0467908524578, 640.3597902970785, 634.2855026765177, 684.5401620716585, 616.4061735022343, 8.296933524485462, 53.2200123625182, 2700.558562990961, 1.2100000000000002, 2700.558562990961, 22.356382742770244, 2700.558562990961, 2700.558562990961, 16.01500719465604, 24.59202101704727, 1346.7500426196846, 2700.558562990961, 2.7463916036212552, 2599.5401262775745, 2700.558562990961, 2700.558562990961, 2700.558562990961, 2700.558562990961, 2700.558562990961, 2700.558562990961, 2700.558562990961, 2700.558562990961, 2700.558562990961, 45.69268457554503, 2700.558562990961, 2700.558562990961, 2700.558562990961, 19.75108897645365], "Te_err": [NaN, 238.05885179470854, 14.325957731675212, 2.900059534908283, 5.101537774432561, 8.883301416615726, 2.5242801438548064, 39.12420994687111, 3.069354934853001, 44.44796381085516, 39.826785371511264, 12.437602469197385, 65.13053266735228, 10.796861956690918, 60.82816065933644, 4.494012541669408, 7.1082793461967455, 14526.485723366444, 36.759043014121204, 24.40657522658244, 2.225220181185832, 1.7935357326362036, 2.8453877839062134, 6.4921274027074976, 19.66617532300125, 17.49212375483916, 11.851141794271848, 3.0833253148783983, 8.303845854464067, 2.207831609636207, 16.51305692750825, 51.47954540436548, 5.676189612571276, 14.107120365028631, 4.6435538254506055, 4309.183201390202, 2.3546082427972563, 4.640379437993989, 1.1017598075296366, 3.2858008549808133, 3.7294646288020004, 7.148085420905806, 10.214277091441586, 10.302191042231431, 10.99265691263785, 10.89469382716093, 11.466439643973787, 12.753043316002623, 13.228139380854476, 15.329868487912345, 13.0021364207205, 17.20203843368849, 17.619835704867537, 17.186938179131534, 16.590879440971754, 17.739078508551554, 19.919446827217946, 18.220178505016868, 22.532284385490573, 20.53096112017728, 19.44609972601272, 17.710913707018378, 17.201667224483714, 15.612777000431494, 19.008914507573927, 15.205146112636749, 17.842761786014833, 16.87584116452186, 16.974311841440574, 14.374288772895394, 15.941725364433553, 18.570633334077147, 17.174407837308156, 0.44326061632783803, 55.256313561351384, 745.1321613524291, 5.906902909918166, 1658.3049622937351, 9.2323530866408, 916.8377470559867, 3136.673074509765, 23.77860196497387, 11.138841585795815, 1090.8731019877205, 2490.3585868093296, 7.614004172145138, 452.5292663065682, 2398.4753032958834, 922.3593082129793, 5604.722443993207, 4596.45058090239, 1618.367066970424, 4458.717200203692, 424.8456928328796, 4175.3346508171035, 693.4054273375394, 33.37060576520498, 1380.9432452646413, 1960.5283667932754, 231.83491740928943, 10.316040323978307]}