{"timeline": [3.73, 3.73, 6.856, 9.983, 13.110000000000001, 16.237, 19.364, 22.491, 25.618000000000002, 28.745, 31.872, 34.998999999999995, 38.125, 41.251999999999995, 44.379, 47.506, 50.632999999999996, 53.76, 56.88699999999999, 60.013999999999996, 63.141, 66.268, 69.39500000000001, 72.522, 75.649, 78.77600000000001, 81.902, 85.02900000000001, 88.156, 91.283, 94.41000000000001, 97.537, 100.664, 103.79100000000001, 106.918, 110.045, 113.172, 116.299, 119.425, 122.552, 125.679, 128.80599999999998, 131.933, 135.06, 138.18699999999998, 141.314, 144.441, 147.56799999999998, 150.695, 153.821, 156.94799999999998, 160.075, 163.202, 166.32899999999998, 169.456, 172.583, 175.70999999999998, 178.837, 181.964, 185.09099999999998, 188.218, 191.345, 194.471, 197.59799999999998, 200.725, 203.852, 206.97899999999998, 210.106, 213.23299999999998, 216.35999999999999, 219.487, 222.61399999999998, 225.74099999999999, 228.868, 231.994, 235.12099999999998, 238.248, 241.375, 244.50199999999998, 247.629, 250.756, 253.88299999999998, 257.01, 260.137, 263.264, 266.391, 269.51800000000003, 272.644, 275.771, 278.898, 282.02500000000003, 285.15200000000004, 288.279, 291.406, 294.533, 297.66, 300.78700000000003, 303.913, 307.041, 310.16700000000003, 313.29400000000004], "Te": [1.2100000000000002, 10.630130396813637, 33.36190288560441, 10.529295724723498, 7.761447620208642, 5.201079034080524, 56.89182306589319, 4.865400255702878, 15.415941870567679, 25.06529142419564, 11.2557438975967, 9.572087022475907, 9.572087022475907, 55.817619865533935, 9.302267683964214, 17.44940226888645, 23.898817661508915, 54.24422492730863, 6.66368462194449, 4.46544923999482, 13.235543136079368, 4.217251932289665, 25.792329237065506, 16.479534640471332, 8.218230955460918, 22.144315868815, 3.323133840381719, 7.0558614729169475, 27.835864388580877, 13.490259529030562, 39.605695768164814, 204.0383636111905, 4.2984124248599365, 44.829937956453406, 16.95753605762445, 379.10916647857925, 5.351940281273166, 24.127686667114087, 45.2592555681761, 111.92778654042314, 176.85722406741758, 244.5445191393685, 258.93666175710615, 279.4523028786639, 310.3413510883105, 344.64469679870837, 364.92802044967584, 421.0137104721219, 445.79156845259257, 544.5734812540314, 544.5734812540314, 560.3692486383948, 565.7356711336021, 604.7674977028946, 634.2855026765177, 565.7356711336021, 587.7202262144081, 634.2855026765177, 599.0308293794346, 576.6231842513797, 610.5591037054169, 628.2688341798555, 738.7765154835546, 571.1534856180504, 616.4061735022343, 610.5591037054169, 604.7674977028946, 565.7356711336021, 587.7202262144081, 555.0537306412881, 571.1534856180504, 582.1452639064349, 576.6231842513797, 549.7886342753587, 544.5734812540314, 504.5943005829891, 413.0643382985414, 344.64469679870837, 287.5580291456333, 111.92778654042314, 8.95430243255239, 10.938465401718485, 10.938465401718485, 2700.558562990961, 53.72967821629477, 3.833865392990604, 22.570480492698156, 19.194342495775096, 5.943512938433107, 45.2592555681761, 1.2100000000000002, 6.000431482073512, 90.75572029794242, 10.529295724723498, 18.47634937419028, 774.835346259465, 2700.558562990961, 2253.2402360440274, 9.39135162045246, 34.99025893821521, 1.2100000000000002], "Te_err": [NaN, 17.570257975759095, 12.30412641766898, 4.412947252929152, 2.7714628270355903, 2.4042261993894916, 22.76315239381476, 1.9829628835398105, 5.692673741907587, 12.103953559480273, 6.3657788552626355, 8.569701957372631, 4.561465686283388, 25.53904997650723, 4.518302591477408, 9.229102889525942, 7.95562919789472, 32.901594089261835, 2.7192242965555624, 3.438370217962523, 8.698893150142409, 1.6022942776070663, 10.63098067209496, 6.565021102340245, 3.511187088799484, 6.397977194485663, 1.0219888386082672, 2.3573222643363683, 13.172055342653293, 8.190444730861941, 19.24093946820792, 78.06282505531563, 1.8321093279439011, 32.74783372751997, 13.605477525518246, 420.5894357110871, 0.4616030422440999, 1.7910673083655615, 2.2487371954506643, 4.3712276256526374, 6.288410919771976, 6.45996815044125, 8.199741355689646, 12.09243622927955, 10.171283341993487, 13.00925341837998, 9.935153267965184, 10.86120770987854, 10.27215045785618, 11.867514607982455, 10.333328615530055, 14.136294460493616, 14.596196867675431, 13.243686453206783, 18.310275378796195, 15.19860037892802, 12.201108223456528, 16.424663658428074, 13.813447472606821, 13.001252487467719, 13.525979353632177, 16.02224127292897, 18.815755544802478, 11.221538005897498, 13.333112928512682, 14.275242681156175, 11.742529188180798, 12.391479630096232, 14.140093288879317, 10.827445462460702, 9.674760703688563, 13.320268861590373, 10.708658910897116, 10.319055911155669, 10.260115796228922, 9.652864084290762, 8.302870121677168, 7.718976973895388, 6.745380485990319, 3.6328797455823767, 3.6581883872907235, 6.7899503344207055, 6.957301463558711, 4133.001247991916, 29.464976347433595, 2.0068590219143334, 12.710826207076552, 16.9450350332863, 2.5239864924221243, 30.104494536565348, 3.9912333474685244, 2.4837105190281727, 47.06622536647094, 4.5967930683319835, 23.443140616898297, 9.647381073770218, 2844.545232717637, 6048.1026187591215, 3.9776548752650034, 35.558845749501785, 33.899117450671426]}